TimeQuest Timing Analyzer report for ALU
Mon Jan 06 09:17:11 2025
Quartus II 64-Bit Version 13.0.1 Build 232 06/12/2013 Service Pack 1 SJ Web Edition


---------------------
; Table of Contents ;
---------------------
  1. Legal Notice
  2. TimeQuest Timing Analyzer Summary
  3. Parallel Compilation
  4. Clocks
  5. Slow Model Fmax Summary
  6. Slow Model Setup Summary
  7. Slow Model Hold Summary
  8. Slow Model Recovery Summary
  9. Slow Model Removal Summary
 10. Slow Model Minimum Pulse Width Summary
 11. Propagation Delay
 12. Minimum Propagation Delay
 13. Fast Model Setup Summary
 14. Fast Model Hold Summary
 15. Fast Model Recovery Summary
 16. Fast Model Removal Summary
 17. Fast Model Minimum Pulse Width Summary
 18. Propagation Delay
 19. Minimum Propagation Delay
 20. Multicorner Timing Analysis Summary
 21. Progagation Delay
 22. Minimum Progagation Delay
 23. Clock Transfers
 24. Report TCCS
 25. Report RSKM
 26. Unconstrained Paths
 27. TimeQuest Timing Analyzer Messages



----------------
; Legal Notice ;
----------------
Copyright (C) 1991-2013 Altera Corporation
Your use of Altera Corporation's design tools, logic functions 
and other software and tools, and its AMPP partner logic 
functions, and any output files from any of the foregoing 
(including device programming or simulation files), and any 
associated documentation or information are expressly subject 
to the terms and conditions of the Altera Program License 
Subscription Agreement, Altera MegaCore Function License 
Agreement, or other applicable license agreement, including, 
without limitation, that your use is for the sole purpose of 
programming logic devices manufactured by Altera and sold by 
Altera or its authorized distributors.  Please refer to the 
applicable agreement for further details.



+----------------------------------------------------------------------------------------+
; TimeQuest Timing Analyzer Summary                                                      ;
+--------------------+-------------------------------------------------------------------+
; Quartus II Version ; Version 13.0.1 Build 232 06/12/2013 Service Pack 1 SJ Web Edition ;
; Revision Name      ; ALU                                                               ;
; Device Family      ; Cyclone II                                                        ;
; Device Name        ; EP2C35F672C6                                                      ;
; Timing Models      ; Final                                                             ;
; Delay Model        ; Combined                                                          ;
; Rise/Fall Delays   ; Unavailable                                                       ;
+--------------------+-------------------------------------------------------------------+


Parallel compilation was disabled, but you have multiple processors available. Enable parallel compilation to reduce compilation time.
+-------------------------------------+
; Parallel Compilation                ;
+----------------------------+--------+
; Processors                 ; Number ;
+----------------------------+--------+
; Number detected on machine ; 4      ;
; Maximum allowed            ; 1      ;
+----------------------------+--------+


----------
; Clocks ;
----------
No clocks to report.


---------------------------
; Slow Model Fmax Summary ;
---------------------------
No paths to report.


----------------------------
; Slow Model Setup Summary ;
----------------------------
No paths to report.


---------------------------
; Slow Model Hold Summary ;
---------------------------
No paths to report.


-------------------------------
; Slow Model Recovery Summary ;
-------------------------------
No paths to report.


------------------------------
; Slow Model Removal Summary ;
------------------------------
No paths to report.


------------------------------------------
; Slow Model Minimum Pulse Width Summary ;
------------------------------------------
No paths to report.


+--------------------------------------------------------------+
; Propagation Delay                                            ;
+------------+-------------+--------+--------+--------+--------+
; Input Port ; Output Port ; RR     ; RF     ; FR     ; FF     ;
+------------+-------------+--------+--------+--------+--------+
; a[0]       ; flags[0]    ; 15.172 ; 15.172 ; 15.172 ; 15.172 ;
; a[0]       ; flags[1]    ; 17.120 ; 17.120 ; 17.120 ; 17.120 ;
; a[0]       ; flags[2]    ; 16.652 ; 16.652 ; 16.652 ; 16.652 ;
; a[0]       ; r[0]        ; 13.491 ; 13.491 ; 13.491 ; 13.491 ;
; a[0]       ; r[1]        ; 13.647 ; 13.647 ; 13.647 ; 13.647 ;
; a[0]       ; r[2]        ; 13.717 ; 13.717 ; 13.717 ; 13.717 ;
; a[0]       ; r[3]        ; 13.841 ; 13.841 ; 13.841 ; 13.841 ;
; a[0]       ; r[4]        ; 14.948 ; 14.948 ; 14.948 ; 14.948 ;
; a[0]       ; r[5]        ; 13.956 ; 13.956 ; 13.956 ; 13.956 ;
; a[0]       ; r[6]        ; 13.975 ; 13.975 ; 13.975 ; 13.975 ;
; a[0]       ; r[7]        ; 14.386 ; 14.386 ; 14.386 ; 14.386 ;
; a[0]       ; r[8]        ; 14.627 ; 14.627 ; 14.627 ; 14.627 ;
; a[0]       ; r[9]        ; 14.812 ; 14.812 ; 14.812 ; 14.812 ;
; a[0]       ; r[10]       ; 14.104 ; 14.104 ; 14.104 ; 14.104 ;
; a[0]       ; r[11]       ; 14.588 ; 14.588 ; 14.588 ; 14.588 ;
; a[0]       ; r[12]       ; 14.691 ; 14.691 ; 14.691 ; 14.691 ;
; a[0]       ; r[13]       ; 14.808 ; 14.808 ; 14.808 ; 14.808 ;
; a[0]       ; r[14]       ; 14.923 ; 14.923 ; 14.923 ; 14.923 ;
; a[0]       ; r[15]       ; 15.656 ; 15.656 ; 15.656 ; 15.656 ;
; a[1]       ; flags[0]    ; 14.673 ; 14.673 ; 14.673 ; 14.673 ;
; a[1]       ; flags[1]    ; 16.621 ; 16.621 ; 16.621 ; 16.621 ;
; a[1]       ; flags[2]    ; 16.153 ; 16.153 ; 16.153 ; 16.153 ;
; a[1]       ; r[1]        ; 12.836 ; 12.836 ; 12.836 ; 12.836 ;
; a[1]       ; r[2]        ; 13.218 ; 13.218 ; 13.218 ; 13.218 ;
; a[1]       ; r[3]        ; 13.342 ; 13.342 ; 13.342 ; 13.342 ;
; a[1]       ; r[4]        ; 14.449 ; 14.449 ; 14.449 ; 14.449 ;
; a[1]       ; r[5]        ; 13.457 ; 13.457 ; 13.457 ; 13.457 ;
; a[1]       ; r[6]        ; 13.476 ; 13.476 ; 13.476 ; 13.476 ;
; a[1]       ; r[7]        ; 13.887 ; 13.887 ; 13.887 ; 13.887 ;
; a[1]       ; r[8]        ; 14.128 ; 14.128 ; 14.128 ; 14.128 ;
; a[1]       ; r[9]        ; 14.313 ; 14.313 ; 14.313 ; 14.313 ;
; a[1]       ; r[10]       ; 13.605 ; 13.605 ; 13.605 ; 13.605 ;
; a[1]       ; r[11]       ; 14.089 ; 14.089 ; 14.089 ; 14.089 ;
; a[1]       ; r[12]       ; 14.192 ; 14.192 ; 14.192 ; 14.192 ;
; a[1]       ; r[13]       ; 14.309 ; 14.309 ; 14.309 ; 14.309 ;
; a[1]       ; r[14]       ; 14.424 ; 14.424 ; 14.424 ; 14.424 ;
; a[1]       ; r[15]       ; 15.157 ; 15.157 ; 15.157 ; 15.157 ;
; a[2]       ; flags[0]    ; 14.478 ; 14.478 ; 14.478 ; 14.478 ;
; a[2]       ; flags[1]    ; 16.426 ; 16.426 ; 16.426 ; 16.426 ;
; a[2]       ; flags[2]    ; 15.958 ; 15.958 ; 15.958 ; 15.958 ;
; a[2]       ; r[2]        ; 12.707 ; 12.707 ; 12.707 ; 12.707 ;
; a[2]       ; r[3]        ; 13.147 ; 13.147 ; 13.147 ; 13.147 ;
; a[2]       ; r[4]        ; 14.254 ; 14.254 ; 14.254 ; 14.254 ;
; a[2]       ; r[5]        ; 13.262 ; 13.262 ; 13.262 ; 13.262 ;
; a[2]       ; r[6]        ; 13.281 ; 13.281 ; 13.281 ; 13.281 ;
; a[2]       ; r[7]        ; 13.692 ; 13.692 ; 13.692 ; 13.692 ;
; a[2]       ; r[8]        ; 13.933 ; 13.933 ; 13.933 ; 13.933 ;
; a[2]       ; r[9]        ; 14.118 ; 14.118 ; 14.118 ; 14.118 ;
; a[2]       ; r[10]       ; 13.410 ; 13.410 ; 13.410 ; 13.410 ;
; a[2]       ; r[11]       ; 13.894 ; 13.894 ; 13.894 ; 13.894 ;
; a[2]       ; r[12]       ; 13.997 ; 13.997 ; 13.997 ; 13.997 ;
; a[2]       ; r[13]       ; 14.114 ; 14.114 ; 14.114 ; 14.114 ;
; a[2]       ; r[14]       ; 14.229 ; 14.229 ; 14.229 ; 14.229 ;
; a[2]       ; r[15]       ; 14.962 ; 14.962 ; 14.962 ; 14.962 ;
; a[3]       ; flags[0]    ; 14.613 ; 14.613 ; 14.613 ; 14.613 ;
; a[3]       ; flags[1]    ; 16.561 ; 16.561 ; 16.561 ; 16.561 ;
; a[3]       ; flags[2]    ; 16.093 ; 16.093 ; 16.093 ; 16.093 ;
; a[3]       ; r[3]        ; 12.970 ; 12.970 ; 12.970 ; 12.970 ;
; a[3]       ; r[4]        ; 14.389 ; 14.389 ; 14.389 ; 14.389 ;
; a[3]       ; r[5]        ; 13.397 ; 13.397 ; 13.397 ; 13.397 ;
; a[3]       ; r[6]        ; 13.416 ; 13.416 ; 13.416 ; 13.416 ;
; a[3]       ; r[7]        ; 13.827 ; 13.827 ; 13.827 ; 13.827 ;
; a[3]       ; r[8]        ; 14.068 ; 14.068 ; 14.068 ; 14.068 ;
; a[3]       ; r[9]        ; 14.253 ; 14.253 ; 14.253 ; 14.253 ;
; a[3]       ; r[10]       ; 13.545 ; 13.545 ; 13.545 ; 13.545 ;
; a[3]       ; r[11]       ; 14.029 ; 14.029 ; 14.029 ; 14.029 ;
; a[3]       ; r[12]       ; 14.132 ; 14.132 ; 14.132 ; 14.132 ;
; a[3]       ; r[13]       ; 14.249 ; 14.249 ; 14.249 ; 14.249 ;
; a[3]       ; r[14]       ; 14.364 ; 14.364 ; 14.364 ; 14.364 ;
; a[3]       ; r[15]       ; 15.097 ; 15.097 ; 15.097 ; 15.097 ;
; a[4]       ; flags[0]    ; 14.319 ; 14.319 ; 14.319 ; 14.319 ;
; a[4]       ; flags[1]    ; 16.267 ; 16.267 ; 16.267 ; 16.267 ;
; a[4]       ; flags[2]    ; 15.799 ; 15.799 ; 15.799 ; 15.799 ;
; a[4]       ; r[4]        ; 13.779 ; 13.779 ; 13.779 ; 13.779 ;
; a[4]       ; r[5]        ; 13.103 ; 13.103 ; 13.103 ; 13.103 ;
; a[4]       ; r[6]        ; 13.122 ; 13.122 ; 13.122 ; 13.122 ;
; a[4]       ; r[7]        ; 13.533 ; 13.533 ; 13.533 ; 13.533 ;
; a[4]       ; r[8]        ; 13.774 ; 13.774 ; 13.774 ; 13.774 ;
; a[4]       ; r[9]        ; 13.959 ; 13.959 ; 13.959 ; 13.959 ;
; a[4]       ; r[10]       ; 13.251 ; 13.251 ; 13.251 ; 13.251 ;
; a[4]       ; r[11]       ; 13.735 ; 13.735 ; 13.735 ; 13.735 ;
; a[4]       ; r[12]       ; 13.838 ; 13.838 ; 13.838 ; 13.838 ;
; a[4]       ; r[13]       ; 13.955 ; 13.955 ; 13.955 ; 13.955 ;
; a[4]       ; r[14]       ; 14.070 ; 14.070 ; 14.070 ; 14.070 ;
; a[4]       ; r[15]       ; 14.803 ; 14.803 ; 14.803 ; 14.803 ;
; a[5]       ; flags[0]    ; 14.184 ; 14.184 ; 14.184 ; 14.184 ;
; a[5]       ; flags[1]    ; 16.132 ; 16.132 ; 16.132 ; 16.132 ;
; a[5]       ; flags[2]    ; 15.664 ; 15.664 ; 15.664 ; 15.664 ;
; a[5]       ; r[5]        ; 12.656 ; 12.656 ; 12.656 ; 12.656 ;
; a[5]       ; r[6]        ; 12.987 ; 12.987 ; 12.987 ; 12.987 ;
; a[5]       ; r[7]        ; 13.398 ; 13.398 ; 13.398 ; 13.398 ;
; a[5]       ; r[8]        ; 13.639 ; 13.639 ; 13.639 ; 13.639 ;
; a[5]       ; r[9]        ; 13.824 ; 13.824 ; 13.824 ; 13.824 ;
; a[5]       ; r[10]       ; 13.116 ; 13.116 ; 13.116 ; 13.116 ;
; a[5]       ; r[11]       ; 13.600 ; 13.600 ; 13.600 ; 13.600 ;
; a[5]       ; r[12]       ; 13.703 ; 13.703 ; 13.703 ; 13.703 ;
; a[5]       ; r[13]       ; 13.820 ; 13.820 ; 13.820 ; 13.820 ;
; a[5]       ; r[14]       ; 13.935 ; 13.935 ; 13.935 ; 13.935 ;
; a[5]       ; r[15]       ; 14.668 ; 14.668 ; 14.668 ; 14.668 ;
; a[6]       ; flags[0]    ; 13.798 ; 13.798 ; 13.798 ; 13.798 ;
; a[6]       ; flags[1]    ; 15.746 ; 15.746 ; 15.746 ; 15.746 ;
; a[6]       ; flags[2]    ; 15.278 ; 15.278 ; 15.278 ; 15.278 ;
; a[6]       ; r[6]        ; 12.268 ; 12.268 ; 12.268 ; 12.268 ;
; a[6]       ; r[7]        ; 13.012 ; 13.012 ; 13.012 ; 13.012 ;
; a[6]       ; r[8]        ; 13.253 ; 13.253 ; 13.253 ; 13.253 ;
; a[6]       ; r[9]        ; 13.438 ; 13.438 ; 13.438 ; 13.438 ;
; a[6]       ; r[10]       ; 12.730 ; 12.730 ; 12.730 ; 12.730 ;
; a[6]       ; r[11]       ; 13.214 ; 13.214 ; 13.214 ; 13.214 ;
; a[6]       ; r[12]       ; 13.317 ; 13.317 ; 13.317 ; 13.317 ;
; a[6]       ; r[13]       ; 13.434 ; 13.434 ; 13.434 ; 13.434 ;
; a[6]       ; r[14]       ; 13.549 ; 13.549 ; 13.549 ; 13.549 ;
; a[6]       ; r[15]       ; 14.282 ; 14.282 ; 14.282 ; 14.282 ;
; a[7]       ; flags[0]    ; 14.798 ; 14.798 ; 14.798 ; 14.798 ;
; a[7]       ; flags[1]    ; 16.746 ; 16.746 ; 16.746 ; 16.746 ;
; a[7]       ; flags[2]    ; 16.278 ; 16.278 ; 16.278 ; 16.278 ;
; a[7]       ; r[7]        ; 13.697 ; 13.697 ; 13.697 ; 13.697 ;
; a[7]       ; r[8]        ; 14.253 ; 14.253 ; 14.253 ; 14.253 ;
; a[7]       ; r[9]        ; 14.438 ; 14.438 ; 14.438 ; 14.438 ;
; a[7]       ; r[10]       ; 13.730 ; 13.730 ; 13.730 ; 13.730 ;
; a[7]       ; r[11]       ; 14.214 ; 14.214 ; 14.214 ; 14.214 ;
; a[7]       ; r[12]       ; 14.317 ; 14.317 ; 14.317 ; 14.317 ;
; a[7]       ; r[13]       ; 14.434 ; 14.434 ; 14.434 ; 14.434 ;
; a[7]       ; r[14]       ; 14.549 ; 14.549 ; 14.549 ; 14.549 ;
; a[7]       ; r[15]       ; 15.282 ; 15.282 ; 15.282 ; 15.282 ;
; a[8]       ; flags[0]    ; 13.448 ; 13.448 ; 13.448 ; 13.448 ;
; a[8]       ; flags[1]    ; 15.396 ; 15.396 ; 15.396 ; 15.396 ;
; a[8]       ; flags[2]    ; 14.928 ; 14.928 ; 14.928 ; 14.928 ;
; a[8]       ; r[8]        ; 12.588 ; 12.588 ; 12.588 ; 12.588 ;
; a[8]       ; r[9]        ; 13.088 ; 13.088 ; 13.088 ; 13.088 ;
; a[8]       ; r[10]       ; 12.380 ; 12.380 ; 12.380 ; 12.380 ;
; a[8]       ; r[11]       ; 12.864 ; 12.864 ; 12.864 ; 12.864 ;
; a[8]       ; r[12]       ; 12.967 ; 12.967 ; 12.967 ; 12.967 ;
; a[8]       ; r[13]       ; 13.084 ; 13.084 ; 13.084 ; 13.084 ;
; a[8]       ; r[14]       ; 13.199 ; 13.199 ; 13.199 ; 13.199 ;
; a[8]       ; r[15]       ; 13.932 ; 13.932 ; 13.932 ; 13.932 ;
; a[9]       ; flags[0]    ; 13.566 ; 13.566 ; 13.566 ; 13.566 ;
; a[9]       ; flags[1]    ; 15.514 ; 15.514 ; 15.514 ; 15.514 ;
; a[9]       ; flags[2]    ; 15.046 ; 15.046 ; 15.046 ; 15.046 ;
; a[9]       ; r[9]        ; 12.891 ; 12.891 ; 12.891 ; 12.891 ;
; a[9]       ; r[10]       ; 12.498 ; 12.498 ; 12.498 ; 12.498 ;
; a[9]       ; r[11]       ; 12.982 ; 12.982 ; 12.982 ; 12.982 ;
; a[9]       ; r[12]       ; 13.085 ; 13.085 ; 13.085 ; 13.085 ;
; a[9]       ; r[13]       ; 13.202 ; 13.202 ; 13.202 ; 13.202 ;
; a[9]       ; r[14]       ; 13.317 ; 13.317 ; 13.317 ; 13.317 ;
; a[9]       ; r[15]       ; 14.050 ; 14.050 ; 14.050 ; 14.050 ;
; a[10]      ; flags[0]    ; 13.825 ; 13.825 ; 13.825 ; 13.825 ;
; a[10]      ; flags[1]    ; 15.773 ; 15.773 ; 15.773 ; 15.773 ;
; a[10]      ; flags[2]    ; 15.305 ; 15.305 ; 15.305 ; 15.305 ;
; a[10]      ; r[10]       ; 12.442 ; 12.442 ; 12.442 ; 12.442 ;
; a[10]      ; r[11]       ; 13.241 ; 13.241 ; 13.241 ; 13.241 ;
; a[10]      ; r[12]       ; 13.344 ; 13.344 ; 13.344 ; 13.344 ;
; a[10]      ; r[13]       ; 13.461 ; 13.461 ; 13.461 ; 13.461 ;
; a[10]      ; r[14]       ; 13.576 ; 13.576 ; 13.576 ; 13.576 ;
; a[10]      ; r[15]       ; 14.309 ; 14.309 ; 14.309 ; 14.309 ;
; a[11]      ; flags[0]    ; 13.863 ; 13.863 ; 13.863 ; 13.863 ;
; a[11]      ; flags[1]    ; 15.811 ; 15.811 ; 15.811 ; 15.811 ;
; a[11]      ; flags[2]    ; 15.343 ; 15.343 ; 15.343 ; 15.343 ;
; a[11]      ; r[11]       ; 12.964 ; 12.964 ; 12.964 ; 12.964 ;
; a[11]      ; r[12]       ; 13.382 ; 13.382 ; 13.382 ; 13.382 ;
; a[11]      ; r[13]       ; 13.499 ; 13.499 ; 13.499 ; 13.499 ;
; a[11]      ; r[14]       ; 13.614 ; 13.614 ; 13.614 ; 13.614 ;
; a[11]      ; r[15]       ; 14.347 ; 14.347 ; 14.347 ; 14.347 ;
; a[12]      ; flags[0]    ; 13.121 ; 13.121 ; 13.121 ; 13.121 ;
; a[12]      ; flags[1]    ; 15.069 ; 15.069 ; 15.069 ; 15.069 ;
; a[12]      ; flags[2]    ; 14.601 ; 14.601 ; 14.601 ; 14.601 ;
; a[12]      ; r[12]       ; 12.324 ; 12.324 ; 12.324 ; 12.324 ;
; a[12]      ; r[13]       ; 12.757 ; 12.757 ; 12.757 ; 12.757 ;
; a[12]      ; r[14]       ; 12.872 ; 12.872 ; 12.872 ; 12.872 ;
; a[12]      ; r[15]       ; 13.605 ; 13.605 ; 13.605 ; 13.605 ;
; a[13]      ; flags[0]    ; 13.344 ; 13.344 ; 13.344 ; 13.344 ;
; a[13]      ; flags[1]    ; 15.292 ; 15.292 ; 15.292 ; 15.292 ;
; a[13]      ; flags[2]    ; 14.824 ; 14.824 ; 14.824 ; 14.824 ;
; a[13]      ; r[13]       ; 12.668 ; 12.668 ; 12.668 ; 12.668 ;
; a[13]      ; r[14]       ; 13.095 ; 13.095 ; 13.095 ; 13.095 ;
; a[13]      ; r[15]       ; 13.828 ; 13.828 ; 13.828 ; 13.828 ;
; a[14]      ; flags[0]    ; 14.090 ; 14.090 ; 14.090 ; 14.090 ;
; a[14]      ; flags[1]    ; 16.038 ; 16.038 ; 16.038 ; 16.038 ;
; a[14]      ; flags[2]    ; 15.570 ; 15.570 ; 15.570 ; 15.570 ;
; a[14]      ; r[14]       ; 13.524 ; 13.524 ; 13.524 ; 13.524 ;
; a[14]      ; r[15]       ; 14.574 ; 14.574 ; 14.574 ; 14.574 ;
; a[15]      ; flags[0]    ; 11.311 ; 11.311 ; 11.311 ; 11.311 ;
; a[15]      ; flags[1]    ; 13.256 ; 13.256 ; 13.256 ; 13.256 ;
; a[15]      ; flags[2]    ; 12.788 ; 12.788 ; 12.788 ; 12.788 ;
; a[15]      ; r[15]       ; 11.792 ; 11.792 ; 11.792 ; 11.792 ;
; b[0]       ; flags[0]    ; 14.494 ; 14.494 ; 14.494 ; 14.494 ;
; b[0]       ; flags[1]    ; 16.442 ; 16.442 ; 16.442 ; 16.442 ;
; b[0]       ; flags[2]    ; 15.974 ; 15.974 ; 15.974 ; 15.974 ;
; b[0]       ; r[0]        ; 12.813 ; 12.813 ; 12.813 ; 12.813 ;
; b[0]       ; r[1]        ; 12.969 ; 12.969 ; 12.969 ; 12.969 ;
; b[0]       ; r[2]        ; 13.039 ; 13.039 ; 13.039 ; 13.039 ;
; b[0]       ; r[3]        ; 13.163 ; 13.163 ; 13.163 ; 13.163 ;
; b[0]       ; r[4]        ; 14.270 ; 14.270 ; 14.270 ; 14.270 ;
; b[0]       ; r[5]        ; 13.278 ; 13.278 ; 13.278 ; 13.278 ;
; b[0]       ; r[6]        ; 13.297 ; 13.297 ; 13.297 ; 13.297 ;
; b[0]       ; r[7]        ; 13.708 ; 13.708 ; 13.708 ; 13.708 ;
; b[0]       ; r[8]        ; 13.949 ; 13.949 ; 13.949 ; 13.949 ;
; b[0]       ; r[9]        ; 14.134 ; 14.134 ; 14.134 ; 14.134 ;
; b[0]       ; r[10]       ; 13.426 ; 13.426 ; 13.426 ; 13.426 ;
; b[0]       ; r[11]       ; 13.910 ; 13.910 ; 13.910 ; 13.910 ;
; b[0]       ; r[12]       ; 14.013 ; 14.013 ; 14.013 ; 14.013 ;
; b[0]       ; r[13]       ; 14.130 ; 14.130 ; 14.130 ; 14.130 ;
; b[0]       ; r[14]       ; 14.245 ; 14.245 ; 14.245 ; 14.245 ;
; b[0]       ; r[15]       ; 14.978 ; 14.978 ; 14.978 ; 14.978 ;
; b[1]       ; flags[0]    ; 14.729 ; 14.729 ; 14.729 ; 14.729 ;
; b[1]       ; flags[1]    ; 16.677 ; 16.677 ; 16.677 ; 16.677 ;
; b[1]       ; flags[2]    ; 16.209 ; 16.209 ; 16.209 ; 16.209 ;
; b[1]       ; r[1]        ; 12.889 ; 12.889 ; 12.889 ; 12.889 ;
; b[1]       ; r[2]        ; 13.274 ; 13.274 ; 13.274 ; 13.274 ;
; b[1]       ; r[3]        ; 13.398 ; 13.398 ; 13.398 ; 13.398 ;
; b[1]       ; r[4]        ; 14.505 ; 14.505 ; 14.505 ; 14.505 ;
; b[1]       ; r[5]        ; 13.513 ; 13.513 ; 13.513 ; 13.513 ;
; b[1]       ; r[6]        ; 13.532 ; 13.532 ; 13.532 ; 13.532 ;
; b[1]       ; r[7]        ; 13.943 ; 13.943 ; 13.943 ; 13.943 ;
; b[1]       ; r[8]        ; 14.184 ; 14.184 ; 14.184 ; 14.184 ;
; b[1]       ; r[9]        ; 14.369 ; 14.369 ; 14.369 ; 14.369 ;
; b[1]       ; r[10]       ; 13.661 ; 13.661 ; 13.661 ; 13.661 ;
; b[1]       ; r[11]       ; 14.145 ; 14.145 ; 14.145 ; 14.145 ;
; b[1]       ; r[12]       ; 14.248 ; 14.248 ; 14.248 ; 14.248 ;
; b[1]       ; r[13]       ; 14.365 ; 14.365 ; 14.365 ; 14.365 ;
; b[1]       ; r[14]       ; 14.480 ; 14.480 ; 14.480 ; 14.480 ;
; b[1]       ; r[15]       ; 15.213 ; 15.213 ; 15.213 ; 15.213 ;
; b[2]       ; flags[0]    ; 14.036 ; 14.036 ; 14.036 ; 14.036 ;
; b[2]       ; flags[1]    ; 15.984 ; 15.984 ; 15.984 ; 15.984 ;
; b[2]       ; flags[2]    ; 15.516 ; 15.516 ; 15.516 ; 15.516 ;
; b[2]       ; r[2]        ; 12.265 ; 12.265 ; 12.265 ; 12.265 ;
; b[2]       ; r[3]        ; 12.705 ; 12.705 ; 12.705 ; 12.705 ;
; b[2]       ; r[4]        ; 13.812 ; 13.812 ; 13.812 ; 13.812 ;
; b[2]       ; r[5]        ; 12.820 ; 12.820 ; 12.820 ; 12.820 ;
; b[2]       ; r[6]        ; 12.839 ; 12.839 ; 12.839 ; 12.839 ;
; b[2]       ; r[7]        ; 13.250 ; 13.250 ; 13.250 ; 13.250 ;
; b[2]       ; r[8]        ; 13.491 ; 13.491 ; 13.491 ; 13.491 ;
; b[2]       ; r[9]        ; 13.676 ; 13.676 ; 13.676 ; 13.676 ;
; b[2]       ; r[10]       ; 12.968 ; 12.968 ; 12.968 ; 12.968 ;
; b[2]       ; r[11]       ; 13.452 ; 13.452 ; 13.452 ; 13.452 ;
; b[2]       ; r[12]       ; 13.555 ; 13.555 ; 13.555 ; 13.555 ;
; b[2]       ; r[13]       ; 13.672 ; 13.672 ; 13.672 ; 13.672 ;
; b[2]       ; r[14]       ; 13.787 ; 13.787 ; 13.787 ; 13.787 ;
; b[2]       ; r[15]       ; 14.520 ; 14.520 ; 14.520 ; 14.520 ;
; b[3]       ; flags[0]    ; 14.235 ; 14.235 ; 14.235 ; 14.235 ;
; b[3]       ; flags[1]    ; 16.183 ; 16.183 ; 16.183 ; 16.183 ;
; b[3]       ; flags[2]    ; 15.715 ; 15.715 ; 15.715 ; 15.715 ;
; b[3]       ; r[3]        ; 12.592 ; 12.592 ; 12.592 ; 12.592 ;
; b[3]       ; r[4]        ; 14.011 ; 14.011 ; 14.011 ; 14.011 ;
; b[3]       ; r[5]        ; 13.019 ; 13.019 ; 13.019 ; 13.019 ;
; b[3]       ; r[6]        ; 13.038 ; 13.038 ; 13.038 ; 13.038 ;
; b[3]       ; r[7]        ; 13.449 ; 13.449 ; 13.449 ; 13.449 ;
; b[3]       ; r[8]        ; 13.690 ; 13.690 ; 13.690 ; 13.690 ;
; b[3]       ; r[9]        ; 13.875 ; 13.875 ; 13.875 ; 13.875 ;
; b[3]       ; r[10]       ; 13.167 ; 13.167 ; 13.167 ; 13.167 ;
; b[3]       ; r[11]       ; 13.651 ; 13.651 ; 13.651 ; 13.651 ;
; b[3]       ; r[12]       ; 13.754 ; 13.754 ; 13.754 ; 13.754 ;
; b[3]       ; r[13]       ; 13.871 ; 13.871 ; 13.871 ; 13.871 ;
; b[3]       ; r[14]       ; 13.986 ; 13.986 ; 13.986 ; 13.986 ;
; b[3]       ; r[15]       ; 14.719 ; 14.719 ; 14.719 ; 14.719 ;
; b[4]       ; flags[0]    ; 14.451 ; 14.451 ; 14.451 ; 14.451 ;
; b[4]       ; flags[1]    ; 16.399 ; 16.399 ; 16.399 ; 16.399 ;
; b[4]       ; flags[2]    ; 15.931 ; 15.931 ; 15.931 ; 15.931 ;
; b[4]       ; r[4]        ; 13.912 ; 13.912 ; 13.912 ; 13.912 ;
; b[4]       ; r[5]        ; 13.235 ; 13.235 ; 13.235 ; 13.235 ;
; b[4]       ; r[6]        ; 13.254 ; 13.254 ; 13.254 ; 13.254 ;
; b[4]       ; r[7]        ; 13.665 ; 13.665 ; 13.665 ; 13.665 ;
; b[4]       ; r[8]        ; 13.906 ; 13.906 ; 13.906 ; 13.906 ;
; b[4]       ; r[9]        ; 14.091 ; 14.091 ; 14.091 ; 14.091 ;
; b[4]       ; r[10]       ; 13.383 ; 13.383 ; 13.383 ; 13.383 ;
; b[4]       ; r[11]       ; 13.867 ; 13.867 ; 13.867 ; 13.867 ;
; b[4]       ; r[12]       ; 13.970 ; 13.970 ; 13.970 ; 13.970 ;
; b[4]       ; r[13]       ; 14.087 ; 14.087 ; 14.087 ; 14.087 ;
; b[4]       ; r[14]       ; 14.202 ; 14.202 ; 14.202 ; 14.202 ;
; b[4]       ; r[15]       ; 14.935 ; 14.935 ; 14.935 ; 14.935 ;
; b[5]       ; flags[0]    ; 14.272 ; 14.272 ; 14.272 ; 14.272 ;
; b[5]       ; flags[1]    ; 16.220 ; 16.220 ; 16.220 ; 16.220 ;
; b[5]       ; flags[2]    ; 15.752 ; 15.752 ; 15.752 ; 15.752 ;
; b[5]       ; r[5]        ; 12.741 ; 12.741 ; 12.741 ; 12.741 ;
; b[5]       ; r[6]        ; 13.075 ; 13.075 ; 13.075 ; 13.075 ;
; b[5]       ; r[7]        ; 13.486 ; 13.486 ; 13.486 ; 13.486 ;
; b[5]       ; r[8]        ; 13.727 ; 13.727 ; 13.727 ; 13.727 ;
; b[5]       ; r[9]        ; 13.912 ; 13.912 ; 13.912 ; 13.912 ;
; b[5]       ; r[10]       ; 13.204 ; 13.204 ; 13.204 ; 13.204 ;
; b[5]       ; r[11]       ; 13.688 ; 13.688 ; 13.688 ; 13.688 ;
; b[5]       ; r[12]       ; 13.791 ; 13.791 ; 13.791 ; 13.791 ;
; b[5]       ; r[13]       ; 13.908 ; 13.908 ; 13.908 ; 13.908 ;
; b[5]       ; r[14]       ; 14.023 ; 14.023 ; 14.023 ; 14.023 ;
; b[5]       ; r[15]       ; 14.756 ; 14.756 ; 14.756 ; 14.756 ;
; b[6]       ; flags[0]    ; 14.287 ; 14.287 ; 14.287 ; 14.287 ;
; b[6]       ; flags[1]    ; 16.235 ; 16.235 ; 16.235 ; 16.235 ;
; b[6]       ; flags[2]    ; 15.767 ; 15.767 ; 15.767 ; 15.767 ;
; b[6]       ; r[6]        ; 12.757 ; 12.757 ; 12.757 ; 12.757 ;
; b[6]       ; r[7]        ; 13.501 ; 13.501 ; 13.501 ; 13.501 ;
; b[6]       ; r[8]        ; 13.742 ; 13.742 ; 13.742 ; 13.742 ;
; b[6]       ; r[9]        ; 13.927 ; 13.927 ; 13.927 ; 13.927 ;
; b[6]       ; r[10]       ; 13.219 ; 13.219 ; 13.219 ; 13.219 ;
; b[6]       ; r[11]       ; 13.703 ; 13.703 ; 13.703 ; 13.703 ;
; b[6]       ; r[12]       ; 13.806 ; 13.806 ; 13.806 ; 13.806 ;
; b[6]       ; r[13]       ; 13.923 ; 13.923 ; 13.923 ; 13.923 ;
; b[6]       ; r[14]       ; 14.038 ; 14.038 ; 14.038 ; 14.038 ;
; b[6]       ; r[15]       ; 14.771 ; 14.771 ; 14.771 ; 14.771 ;
; b[7]       ; flags[0]    ; 14.155 ; 14.155 ; 14.155 ; 14.155 ;
; b[7]       ; flags[1]    ; 16.103 ; 16.103 ; 16.103 ; 16.103 ;
; b[7]       ; flags[2]    ; 15.635 ; 15.635 ; 15.635 ; 15.635 ;
; b[7]       ; r[7]        ; 13.054 ; 13.054 ; 13.054 ; 13.054 ;
; b[7]       ; r[8]        ; 13.610 ; 13.610 ; 13.610 ; 13.610 ;
; b[7]       ; r[9]        ; 13.795 ; 13.795 ; 13.795 ; 13.795 ;
; b[7]       ; r[10]       ; 13.087 ; 13.087 ; 13.087 ; 13.087 ;
; b[7]       ; r[11]       ; 13.571 ; 13.571 ; 13.571 ; 13.571 ;
; b[7]       ; r[12]       ; 13.674 ; 13.674 ; 13.674 ; 13.674 ;
; b[7]       ; r[13]       ; 13.791 ; 13.791 ; 13.791 ; 13.791 ;
; b[7]       ; r[14]       ; 13.906 ; 13.906 ; 13.906 ; 13.906 ;
; b[7]       ; r[15]       ; 14.639 ; 14.639 ; 14.639 ; 14.639 ;
; b[8]       ; flags[0]    ; 13.713 ; 13.713 ; 13.713 ; 13.713 ;
; b[8]       ; flags[1]    ; 15.661 ; 15.661 ; 15.661 ; 15.661 ;
; b[8]       ; flags[2]    ; 15.193 ; 15.193 ; 15.193 ; 15.193 ;
; b[8]       ; r[8]        ; 12.853 ; 12.853 ; 12.853 ; 12.853 ;
; b[8]       ; r[9]        ; 13.353 ; 13.353 ; 13.353 ; 13.353 ;
; b[8]       ; r[10]       ; 12.645 ; 12.645 ; 12.645 ; 12.645 ;
; b[8]       ; r[11]       ; 13.129 ; 13.129 ; 13.129 ; 13.129 ;
; b[8]       ; r[12]       ; 13.232 ; 13.232 ; 13.232 ; 13.232 ;
; b[8]       ; r[13]       ; 13.349 ; 13.349 ; 13.349 ; 13.349 ;
; b[8]       ; r[14]       ; 13.464 ; 13.464 ; 13.464 ; 13.464 ;
; b[8]       ; r[15]       ; 14.197 ; 14.197 ; 14.197 ; 14.197 ;
; b[9]       ; flags[0]    ; 13.407 ; 13.407 ; 13.407 ; 13.407 ;
; b[9]       ; flags[1]    ; 15.355 ; 15.355 ; 15.355 ; 15.355 ;
; b[9]       ; flags[2]    ; 14.887 ; 14.887 ; 14.887 ; 14.887 ;
; b[9]       ; r[9]        ; 12.732 ; 12.732 ; 12.732 ; 12.732 ;
; b[9]       ; r[10]       ; 12.339 ; 12.339 ; 12.339 ; 12.339 ;
; b[9]       ; r[11]       ; 12.823 ; 12.823 ; 12.823 ; 12.823 ;
; b[9]       ; r[12]       ; 12.926 ; 12.926 ; 12.926 ; 12.926 ;
; b[9]       ; r[13]       ; 13.043 ; 13.043 ; 13.043 ; 13.043 ;
; b[9]       ; r[14]       ; 13.158 ; 13.158 ; 13.158 ; 13.158 ;
; b[9]       ; r[15]       ; 13.891 ; 13.891 ; 13.891 ; 13.891 ;
; b[10]      ; flags[0]    ; 13.363 ; 13.363 ; 13.363 ; 13.363 ;
; b[10]      ; flags[1]    ; 15.311 ; 15.311 ; 15.311 ; 15.311 ;
; b[10]      ; flags[2]    ; 14.843 ; 14.843 ; 14.843 ; 14.843 ;
; b[10]      ; r[10]       ; 11.980 ; 11.980 ; 11.980 ; 11.980 ;
; b[10]      ; r[11]       ; 12.779 ; 12.779 ; 12.779 ; 12.779 ;
; b[10]      ; r[12]       ; 12.882 ; 12.882 ; 12.882 ; 12.882 ;
; b[10]      ; r[13]       ; 12.999 ; 12.999 ; 12.999 ; 12.999 ;
; b[10]      ; r[14]       ; 13.114 ; 13.114 ; 13.114 ; 13.114 ;
; b[10]      ; r[15]       ; 13.847 ; 13.847 ; 13.847 ; 13.847 ;
; b[11]      ; flags[0]    ; 13.540 ; 13.540 ; 13.540 ; 13.540 ;
; b[11]      ; flags[1]    ; 15.488 ; 15.488 ; 15.488 ; 15.488 ;
; b[11]      ; flags[2]    ; 15.020 ; 15.020 ; 15.020 ; 15.020 ;
; b[11]      ; r[11]       ; 12.641 ; 12.641 ; 12.641 ; 12.641 ;
; b[11]      ; r[12]       ; 13.059 ; 13.059 ; 13.059 ; 13.059 ;
; b[11]      ; r[13]       ; 13.176 ; 13.176 ; 13.176 ; 13.176 ;
; b[11]      ; r[14]       ; 13.291 ; 13.291 ; 13.291 ; 13.291 ;
; b[11]      ; r[15]       ; 14.024 ; 14.024 ; 14.024 ; 14.024 ;
; b[12]      ; flags[0]    ; 13.451 ; 13.451 ; 13.451 ; 13.451 ;
; b[12]      ; flags[1]    ; 15.399 ; 15.399 ; 15.399 ; 15.399 ;
; b[12]      ; flags[2]    ; 14.931 ; 14.931 ; 14.931 ; 14.931 ;
; b[12]      ; r[12]       ; 12.654 ; 12.654 ; 12.654 ; 12.654 ;
; b[12]      ; r[13]       ; 13.087 ; 13.087 ; 13.087 ; 13.087 ;
; b[12]      ; r[14]       ; 13.202 ; 13.202 ; 13.202 ; 13.202 ;
; b[12]      ; r[15]       ; 13.935 ; 13.935 ; 13.935 ; 13.935 ;
; b[13]      ; flags[0]    ; 13.965 ; 13.965 ; 13.965 ; 13.965 ;
; b[13]      ; flags[1]    ; 15.913 ; 15.913 ; 15.913 ; 15.913 ;
; b[13]      ; flags[2]    ; 15.445 ; 15.445 ; 15.445 ; 15.445 ;
; b[13]      ; r[13]       ; 13.289 ; 13.289 ; 13.289 ; 13.289 ;
; b[13]      ; r[14]       ; 13.716 ; 13.716 ; 13.716 ; 13.716 ;
; b[13]      ; r[15]       ; 14.449 ; 14.449 ; 14.449 ; 14.449 ;
; b[14]      ; flags[0]    ; 13.603 ; 13.603 ; 13.603 ; 13.603 ;
; b[14]      ; flags[1]    ; 15.551 ; 15.551 ; 15.551 ; 15.551 ;
; b[14]      ; flags[2]    ; 15.083 ; 15.083 ; 15.083 ; 15.083 ;
; b[14]      ; r[14]       ; 13.037 ; 13.037 ; 13.037 ; 13.037 ;
; b[14]      ; r[15]       ; 14.087 ; 14.087 ; 14.087 ; 14.087 ;
; b[15]      ; flags[0]    ; 12.646 ; 12.646 ; 12.646 ; 12.646 ;
; b[15]      ; flags[1]    ; 14.591 ; 14.591 ; 14.591 ; 14.591 ;
; b[15]      ; flags[2]    ; 14.123 ; 14.123 ; 14.123 ; 14.123 ;
; b[15]      ; r[15]       ; 13.127 ; 13.127 ; 13.127 ; 13.127 ;
; op[0]      ; flags[0]    ; 16.300 ; 16.300 ; 16.300 ; 16.300 ;
; op[0]      ; flags[1]    ; 18.248 ; 18.248 ; 18.248 ; 18.248 ;
; op[0]      ; flags[2]    ; 17.780 ; 17.780 ; 17.780 ; 17.780 ;
; op[0]      ; r[0]        ; 14.619 ; 14.619 ; 14.619 ; 14.619 ;
; op[0]      ; r[1]        ; 14.775 ; 14.775 ; 14.775 ; 14.775 ;
; op[0]      ; r[2]        ; 14.845 ; 14.845 ; 14.845 ; 14.845 ;
; op[0]      ; r[3]        ; 14.969 ; 14.969 ; 14.969 ; 14.969 ;
; op[0]      ; r[4]        ; 16.076 ; 16.076 ; 16.076 ; 16.076 ;
; op[0]      ; r[5]        ; 15.084 ; 15.084 ; 15.084 ; 15.084 ;
; op[0]      ; r[6]        ; 15.103 ; 15.103 ; 15.103 ; 15.103 ;
; op[0]      ; r[7]        ; 15.514 ; 15.514 ; 15.514 ; 15.514 ;
; op[0]      ; r[8]        ; 15.755 ; 15.755 ; 15.755 ; 15.755 ;
; op[0]      ; r[9]        ; 15.940 ; 15.940 ; 15.940 ; 15.940 ;
; op[0]      ; r[10]       ; 15.232 ; 15.232 ; 15.232 ; 15.232 ;
; op[0]      ; r[11]       ; 15.716 ; 15.716 ; 15.716 ; 15.716 ;
; op[0]      ; r[12]       ; 15.819 ; 15.819 ; 15.819 ; 15.819 ;
; op[0]      ; r[13]       ; 15.936 ; 15.936 ; 15.936 ; 15.936 ;
; op[0]      ; r[14]       ; 16.051 ; 16.051 ; 16.051 ; 16.051 ;
; op[0]      ; r[15]       ; 16.784 ; 16.784 ; 16.784 ; 16.784 ;
; op[1]      ; flags[0]    ; 16.305 ; 16.305 ; 16.305 ; 16.305 ;
; op[1]      ; flags[1]    ; 18.253 ; 18.253 ; 18.253 ; 18.253 ;
; op[1]      ; flags[2]    ; 17.785 ; 17.785 ; 17.785 ; 17.785 ;
; op[1]      ; r[0]        ; 14.624 ; 14.624 ; 14.624 ; 14.624 ;
; op[1]      ; r[1]        ; 14.780 ; 14.780 ; 14.780 ; 14.780 ;
; op[1]      ; r[2]        ; 14.850 ; 14.850 ; 14.850 ; 14.850 ;
; op[1]      ; r[3]        ; 14.974 ; 14.974 ; 14.974 ; 14.974 ;
; op[1]      ; r[4]        ; 16.081 ; 16.081 ; 16.081 ; 16.081 ;
; op[1]      ; r[5]        ; 15.089 ; 15.089 ; 15.089 ; 15.089 ;
; op[1]      ; r[6]        ; 15.108 ; 15.108 ; 15.108 ; 15.108 ;
; op[1]      ; r[7]        ; 15.519 ; 15.519 ; 15.519 ; 15.519 ;
; op[1]      ; r[8]        ; 15.760 ; 15.760 ; 15.760 ; 15.760 ;
; op[1]      ; r[9]        ; 15.945 ; 15.945 ; 15.945 ; 15.945 ;
; op[1]      ; r[10]       ; 15.237 ; 15.237 ; 15.237 ; 15.237 ;
; op[1]      ; r[11]       ; 15.721 ; 15.721 ; 15.721 ; 15.721 ;
; op[1]      ; r[12]       ; 15.824 ; 15.824 ; 15.824 ; 15.824 ;
; op[1]      ; r[13]       ; 15.941 ; 15.941 ; 15.941 ; 15.941 ;
; op[1]      ; r[14]       ; 16.056 ; 16.056 ; 16.056 ; 16.056 ;
; op[1]      ; r[15]       ; 16.789 ; 16.789 ; 16.789 ; 16.789 ;
; op[2]      ; flags[0]    ; 15.573 ; 15.573 ; 15.573 ; 15.573 ;
; op[2]      ; flags[1]    ; 17.521 ; 17.521 ; 17.521 ; 17.521 ;
; op[2]      ; flags[2]    ; 17.053 ; 17.053 ; 17.053 ; 17.053 ;
; op[2]      ; r[0]        ; 13.892 ; 13.892 ; 13.892 ; 13.892 ;
; op[2]      ; r[1]        ; 14.048 ; 14.048 ; 14.048 ; 14.048 ;
; op[2]      ; r[2]        ; 14.118 ; 14.118 ; 14.118 ; 14.118 ;
; op[2]      ; r[3]        ; 14.242 ; 14.242 ; 14.242 ; 14.242 ;
; op[2]      ; r[4]        ; 15.349 ; 15.349 ; 15.349 ; 15.349 ;
; op[2]      ; r[5]        ; 14.357 ; 14.357 ; 14.357 ; 14.357 ;
; op[2]      ; r[6]        ; 14.376 ; 14.376 ; 14.376 ; 14.376 ;
; op[2]      ; r[7]        ; 14.787 ; 14.787 ; 14.787 ; 14.787 ;
; op[2]      ; r[8]        ; 15.028 ; 15.028 ; 15.028 ; 15.028 ;
; op[2]      ; r[9]        ; 15.213 ; 15.213 ; 15.213 ; 15.213 ;
; op[2]      ; r[10]       ; 14.505 ; 14.505 ; 14.505 ; 14.505 ;
; op[2]      ; r[11]       ; 14.989 ; 14.989 ; 14.989 ; 14.989 ;
; op[2]      ; r[12]       ; 15.092 ; 15.092 ; 15.092 ; 15.092 ;
; op[2]      ; r[13]       ; 15.209 ; 15.209 ; 15.209 ; 15.209 ;
; op[2]      ; r[14]       ; 15.324 ; 15.324 ; 15.324 ; 15.324 ;
; op[2]      ; r[15]       ; 16.057 ; 16.057 ; 16.057 ; 16.057 ;
; op[3]      ; flags[0]    ; 16.478 ; 16.478 ; 16.478 ; 16.478 ;
; op[3]      ; flags[1]    ; 18.426 ; 18.426 ; 18.426 ; 18.426 ;
; op[3]      ; flags[2]    ; 17.958 ; 17.958 ; 17.958 ; 17.958 ;
; op[3]      ; r[0]        ; 14.797 ; 14.797 ; 14.797 ; 14.797 ;
; op[3]      ; r[1]        ; 14.953 ; 14.953 ; 14.953 ; 14.953 ;
; op[3]      ; r[2]        ; 15.023 ; 15.023 ; 15.023 ; 15.023 ;
; op[3]      ; r[3]        ; 15.147 ; 15.147 ; 15.147 ; 15.147 ;
; op[3]      ; r[4]        ; 16.254 ; 16.254 ; 16.254 ; 16.254 ;
; op[3]      ; r[5]        ; 15.262 ; 15.262 ; 15.262 ; 15.262 ;
; op[3]      ; r[6]        ; 15.281 ; 15.281 ; 15.281 ; 15.281 ;
; op[3]      ; r[7]        ; 15.692 ; 15.692 ; 15.692 ; 15.692 ;
; op[3]      ; r[8]        ; 15.933 ; 15.933 ; 15.933 ; 15.933 ;
; op[3]      ; r[9]        ; 16.118 ; 16.118 ; 16.118 ; 16.118 ;
; op[3]      ; r[10]       ; 15.410 ; 15.410 ; 15.410 ; 15.410 ;
; op[3]      ; r[11]       ; 15.894 ; 15.894 ; 15.894 ; 15.894 ;
; op[3]      ; r[12]       ; 15.997 ; 15.997 ; 15.997 ; 15.997 ;
; op[3]      ; r[13]       ; 16.114 ; 16.114 ; 16.114 ; 16.114 ;
; op[3]      ; r[14]       ; 16.229 ; 16.229 ; 16.229 ; 16.229 ;
; op[3]      ; r[15]       ; 16.962 ; 16.962 ; 16.962 ; 16.962 ;
+------------+-------------+--------+--------+--------+--------+


+--------------------------------------------------------------+
; Minimum Propagation Delay                                    ;
+------------+-------------+--------+--------+--------+--------+
; Input Port ; Output Port ; RR     ; RF     ; FR     ; FF     ;
+------------+-------------+--------+--------+--------+--------+
; a[0]       ; flags[0]    ; 14.188 ; 14.188 ; 14.188 ; 14.188 ;
; a[0]       ; flags[1]    ; 14.599 ; 14.599 ; 14.599 ; 14.599 ;
; a[0]       ; flags[2]    ; 14.161 ; 14.161 ; 14.161 ; 14.161 ;
; a[0]       ; r[0]        ; 12.507 ; 12.507 ; 12.507 ; 12.507 ;
; a[0]       ; r[1]        ; 12.663 ; 12.663 ; 12.663 ; 12.663 ;
; a[0]       ; r[2]        ; 12.733 ; 12.733 ; 12.733 ; 12.733 ;
; a[0]       ; r[3]        ; 12.857 ; 12.857 ; 12.857 ; 12.857 ;
; a[0]       ; r[4]        ; 13.964 ; 13.964 ; 13.964 ; 13.964 ;
; a[0]       ; r[5]        ; 12.972 ; 12.972 ; 12.972 ; 12.972 ;
; a[0]       ; r[6]        ; 12.991 ; 12.991 ; 12.991 ; 12.991 ;
; a[0]       ; r[7]        ; 13.402 ; 13.402 ; 13.402 ; 13.402 ;
; a[0]       ; r[8]        ; 13.643 ; 13.643 ; 13.643 ; 13.643 ;
; a[0]       ; r[9]        ; 13.828 ; 13.828 ; 13.828 ; 13.828 ;
; a[0]       ; r[10]       ; 13.120 ; 13.120 ; 13.120 ; 13.120 ;
; a[0]       ; r[11]       ; 13.604 ; 13.604 ; 13.604 ; 13.604 ;
; a[0]       ; r[12]       ; 13.707 ; 13.707 ; 13.707 ; 13.707 ;
; a[0]       ; r[13]       ; 13.824 ; 13.824 ; 13.824 ; 13.824 ;
; a[0]       ; r[14]       ; 13.939 ; 13.939 ; 13.939 ; 13.939 ;
; a[0]       ; r[15]       ; 14.672 ; 14.672 ; 14.672 ; 14.672 ;
; a[1]       ; flags[0]    ; 14.005 ; 14.005 ; 14.005 ; 14.005 ;
; a[1]       ; flags[1]    ; 14.488 ; 14.488 ; 14.488 ; 14.488 ;
; a[1]       ; flags[2]    ; 14.050 ; 14.050 ; 14.050 ; 14.050 ;
; a[1]       ; r[1]        ; 12.168 ; 12.168 ; 12.168 ; 12.168 ;
; a[1]       ; r[2]        ; 12.550 ; 12.550 ; 12.550 ; 12.550 ;
; a[1]       ; r[3]        ; 12.674 ; 12.674 ; 12.674 ; 12.674 ;
; a[1]       ; r[4]        ; 13.781 ; 13.781 ; 13.781 ; 13.781 ;
; a[1]       ; r[5]        ; 12.789 ; 12.789 ; 12.789 ; 12.789 ;
; a[1]       ; r[6]        ; 12.808 ; 12.808 ; 12.808 ; 12.808 ;
; a[1]       ; r[7]        ; 13.219 ; 13.219 ; 13.219 ; 13.219 ;
; a[1]       ; r[8]        ; 13.460 ; 13.460 ; 13.460 ; 13.460 ;
; a[1]       ; r[9]        ; 13.645 ; 13.645 ; 13.645 ; 13.645 ;
; a[1]       ; r[10]       ; 12.937 ; 12.937 ; 12.937 ; 12.937 ;
; a[1]       ; r[11]       ; 13.421 ; 13.421 ; 13.421 ; 13.421 ;
; a[1]       ; r[12]       ; 13.524 ; 13.524 ; 13.524 ; 13.524 ;
; a[1]       ; r[13]       ; 13.641 ; 13.641 ; 13.641 ; 13.641 ;
; a[1]       ; r[14]       ; 13.756 ; 13.756 ; 13.756 ; 13.756 ;
; a[1]       ; r[15]       ; 14.489 ; 14.489 ; 14.489 ; 14.489 ;
; a[2]       ; flags[0]    ; 13.495 ; 13.495 ; 13.495 ; 13.495 ;
; a[2]       ; flags[1]    ; 13.978 ; 13.978 ; 13.978 ; 13.978 ;
; a[2]       ; flags[2]    ; 13.540 ; 13.540 ; 13.540 ; 13.540 ;
; a[2]       ; r[2]        ; 11.724 ; 11.724 ; 11.724 ; 11.724 ;
; a[2]       ; r[3]        ; 12.164 ; 12.164 ; 12.164 ; 12.164 ;
; a[2]       ; r[4]        ; 13.271 ; 13.271 ; 13.271 ; 13.271 ;
; a[2]       ; r[5]        ; 12.279 ; 12.279 ; 12.279 ; 12.279 ;
; a[2]       ; r[6]        ; 12.298 ; 12.298 ; 12.298 ; 12.298 ;
; a[2]       ; r[7]        ; 12.709 ; 12.709 ; 12.709 ; 12.709 ;
; a[2]       ; r[8]        ; 12.950 ; 12.950 ; 12.950 ; 12.950 ;
; a[2]       ; r[9]        ; 13.135 ; 13.135 ; 13.135 ; 13.135 ;
; a[2]       ; r[10]       ; 12.427 ; 12.427 ; 12.427 ; 12.427 ;
; a[2]       ; r[11]       ; 12.911 ; 12.911 ; 12.911 ; 12.911 ;
; a[2]       ; r[12]       ; 13.014 ; 13.014 ; 13.014 ; 13.014 ;
; a[2]       ; r[13]       ; 13.131 ; 13.131 ; 13.131 ; 13.131 ;
; a[2]       ; r[14]       ; 13.246 ; 13.246 ; 13.246 ; 13.246 ;
; a[2]       ; r[15]       ; 13.979 ; 13.979 ; 13.979 ; 13.979 ;
; a[3]       ; flags[0]    ; 13.671 ; 13.671 ; 13.671 ; 13.671 ;
; a[3]       ; flags[1]    ; 14.154 ; 14.154 ; 14.154 ; 14.154 ;
; a[3]       ; flags[2]    ; 13.716 ; 13.716 ; 13.716 ; 13.716 ;
; a[3]       ; r[3]        ; 12.028 ; 12.028 ; 12.028 ; 12.028 ;
; a[3]       ; r[4]        ; 13.447 ; 13.447 ; 13.447 ; 13.447 ;
; a[3]       ; r[5]        ; 12.455 ; 12.455 ; 12.455 ; 12.455 ;
; a[3]       ; r[6]        ; 12.474 ; 12.474 ; 12.474 ; 12.474 ;
; a[3]       ; r[7]        ; 12.885 ; 12.885 ; 12.885 ; 12.885 ;
; a[3]       ; r[8]        ; 13.126 ; 13.126 ; 13.126 ; 13.126 ;
; a[3]       ; r[9]        ; 13.311 ; 13.311 ; 13.311 ; 13.311 ;
; a[3]       ; r[10]       ; 12.603 ; 12.603 ; 12.603 ; 12.603 ;
; a[3]       ; r[11]       ; 13.087 ; 13.087 ; 13.087 ; 13.087 ;
; a[3]       ; r[12]       ; 13.190 ; 13.190 ; 13.190 ; 13.190 ;
; a[3]       ; r[13]       ; 13.307 ; 13.307 ; 13.307 ; 13.307 ;
; a[3]       ; r[14]       ; 13.422 ; 13.422 ; 13.422 ; 13.422 ;
; a[3]       ; r[15]       ; 14.155 ; 14.155 ; 14.155 ; 14.155 ;
; a[4]       ; flags[0]    ; 13.369 ; 13.369 ; 13.369 ; 13.369 ;
; a[4]       ; flags[1]    ; 13.852 ; 13.852 ; 13.852 ; 13.852 ;
; a[4]       ; flags[2]    ; 13.414 ; 13.414 ; 13.414 ; 13.414 ;
; a[4]       ; r[4]        ; 12.829 ; 12.829 ; 12.829 ; 12.829 ;
; a[4]       ; r[5]        ; 12.153 ; 12.153 ; 12.153 ; 12.153 ;
; a[4]       ; r[6]        ; 12.172 ; 12.172 ; 12.172 ; 12.172 ;
; a[4]       ; r[7]        ; 12.583 ; 12.583 ; 12.583 ; 12.583 ;
; a[4]       ; r[8]        ; 12.824 ; 12.824 ; 12.824 ; 12.824 ;
; a[4]       ; r[9]        ; 13.009 ; 13.009 ; 13.009 ; 13.009 ;
; a[4]       ; r[10]       ; 12.301 ; 12.301 ; 12.301 ; 12.301 ;
; a[4]       ; r[11]       ; 12.785 ; 12.785 ; 12.785 ; 12.785 ;
; a[4]       ; r[12]       ; 12.888 ; 12.888 ; 12.888 ; 12.888 ;
; a[4]       ; r[13]       ; 13.005 ; 13.005 ; 13.005 ; 13.005 ;
; a[4]       ; r[14]       ; 13.120 ; 13.120 ; 13.120 ; 13.120 ;
; a[4]       ; r[15]       ; 13.853 ; 13.853 ; 13.853 ; 13.853 ;
; a[5]       ; flags[0]    ; 13.410 ; 13.410 ; 13.410 ; 13.410 ;
; a[5]       ; flags[1]    ; 13.893 ; 13.893 ; 13.893 ; 13.893 ;
; a[5]       ; flags[2]    ; 13.455 ; 13.455 ; 13.455 ; 13.455 ;
; a[5]       ; r[5]        ; 11.882 ; 11.882 ; 11.882 ; 11.882 ;
; a[5]       ; r[6]        ; 12.213 ; 12.213 ; 12.213 ; 12.213 ;
; a[5]       ; r[7]        ; 12.624 ; 12.624 ; 12.624 ; 12.624 ;
; a[5]       ; r[8]        ; 12.865 ; 12.865 ; 12.865 ; 12.865 ;
; a[5]       ; r[9]        ; 13.050 ; 13.050 ; 13.050 ; 13.050 ;
; a[5]       ; r[10]       ; 12.342 ; 12.342 ; 12.342 ; 12.342 ;
; a[5]       ; r[11]       ; 12.826 ; 12.826 ; 12.826 ; 12.826 ;
; a[5]       ; r[12]       ; 12.929 ; 12.929 ; 12.929 ; 12.929 ;
; a[5]       ; r[13]       ; 13.046 ; 13.046 ; 13.046 ; 13.046 ;
; a[5]       ; r[14]       ; 13.161 ; 13.161 ; 13.161 ; 13.161 ;
; a[5]       ; r[15]       ; 13.894 ; 13.894 ; 13.894 ; 13.894 ;
; a[6]       ; flags[0]    ; 13.482 ; 13.482 ; 13.482 ; 13.482 ;
; a[6]       ; flags[1]    ; 13.632 ; 13.632 ; 13.632 ; 13.632 ;
; a[6]       ; flags[2]    ; 13.194 ; 13.194 ; 13.194 ; 13.194 ;
; a[6]       ; r[6]        ; 11.952 ; 11.952 ; 11.952 ; 11.952 ;
; a[6]       ; r[7]        ; 12.696 ; 12.696 ; 12.696 ; 12.696 ;
; a[6]       ; r[8]        ; 12.937 ; 12.937 ; 12.937 ; 12.937 ;
; a[6]       ; r[9]        ; 13.122 ; 13.122 ; 13.122 ; 13.122 ;
; a[6]       ; r[10]       ; 12.414 ; 12.414 ; 12.414 ; 12.414 ;
; a[6]       ; r[11]       ; 12.898 ; 12.898 ; 12.898 ; 12.898 ;
; a[6]       ; r[12]       ; 13.001 ; 13.001 ; 13.001 ; 13.001 ;
; a[6]       ; r[13]       ; 13.118 ; 13.118 ; 13.118 ; 13.118 ;
; a[6]       ; r[14]       ; 13.233 ; 13.233 ; 13.233 ; 13.233 ;
; a[6]       ; r[15]       ; 13.966 ; 13.966 ; 13.966 ; 13.966 ;
; a[7]       ; flags[0]    ; 13.918 ; 13.918 ; 13.918 ; 13.918 ;
; a[7]       ; flags[1]    ; 14.427 ; 14.427 ; 14.427 ; 14.427 ;
; a[7]       ; flags[2]    ; 13.989 ; 13.989 ; 13.989 ; 13.989 ;
; a[7]       ; r[7]        ; 12.817 ; 12.817 ; 12.817 ; 12.817 ;
; a[7]       ; r[8]        ; 13.373 ; 13.373 ; 13.373 ; 13.373 ;
; a[7]       ; r[9]        ; 13.558 ; 13.558 ; 13.558 ; 13.558 ;
; a[7]       ; r[10]       ; 12.850 ; 12.850 ; 12.850 ; 12.850 ;
; a[7]       ; r[11]       ; 13.334 ; 13.334 ; 13.334 ; 13.334 ;
; a[7]       ; r[12]       ; 13.437 ; 13.437 ; 13.437 ; 13.437 ;
; a[7]       ; r[13]       ; 13.554 ; 13.554 ; 13.554 ; 13.554 ;
; a[7]       ; r[14]       ; 13.669 ; 13.669 ; 13.669 ; 13.669 ;
; a[7]       ; r[15]       ; 14.402 ; 14.402 ; 14.402 ; 14.402 ;
; a[8]       ; flags[0]    ; 13.073 ; 13.073 ; 13.073 ; 13.073 ;
; a[8]       ; flags[1]    ; 13.267 ; 13.267 ; 13.267 ; 13.267 ;
; a[8]       ; flags[2]    ; 12.829 ; 12.829 ; 12.829 ; 12.829 ;
; a[8]       ; r[8]        ; 12.213 ; 12.213 ; 12.213 ; 12.213 ;
; a[8]       ; r[9]        ; 12.713 ; 12.713 ; 12.713 ; 12.713 ;
; a[8]       ; r[10]       ; 12.005 ; 12.005 ; 12.005 ; 12.005 ;
; a[8]       ; r[11]       ; 12.489 ; 12.489 ; 12.489 ; 12.489 ;
; a[8]       ; r[12]       ; 12.592 ; 12.592 ; 12.592 ; 12.592 ;
; a[8]       ; r[13]       ; 12.709 ; 12.709 ; 12.709 ; 12.709 ;
; a[8]       ; r[14]       ; 12.824 ; 12.824 ; 12.824 ; 12.824 ;
; a[8]       ; r[15]       ; 13.557 ; 13.557 ; 13.557 ; 13.557 ;
; a[9]       ; flags[0]    ; 12.851 ; 12.851 ; 12.851 ; 12.851 ;
; a[9]       ; flags[1]    ; 13.248 ; 13.248 ; 13.248 ; 13.248 ;
; a[9]       ; flags[2]    ; 12.810 ; 12.810 ; 12.810 ; 12.810 ;
; a[9]       ; r[9]        ; 12.176 ; 12.176 ; 12.176 ; 12.176 ;
; a[9]       ; r[10]       ; 11.783 ; 11.783 ; 11.783 ; 11.783 ;
; a[9]       ; r[11]       ; 12.267 ; 12.267 ; 12.267 ; 12.267 ;
; a[9]       ; r[12]       ; 12.370 ; 12.370 ; 12.370 ; 12.370 ;
; a[9]       ; r[13]       ; 12.487 ; 12.487 ; 12.487 ; 12.487 ;
; a[9]       ; r[14]       ; 12.602 ; 12.602 ; 12.602 ; 12.602 ;
; a[9]       ; r[15]       ; 13.335 ; 13.335 ; 13.335 ; 13.335 ;
; a[10]      ; flags[0]    ; 13.121 ; 13.121 ; 13.121 ; 13.121 ;
; a[10]      ; flags[1]    ; 13.724 ; 13.724 ; 13.724 ; 13.724 ;
; a[10]      ; flags[2]    ; 13.286 ; 13.286 ; 13.286 ; 13.286 ;
; a[10]      ; r[10]       ; 11.738 ; 11.738 ; 11.738 ; 11.738 ;
; a[10]      ; r[11]       ; 12.537 ; 12.537 ; 12.537 ; 12.537 ;
; a[10]      ; r[12]       ; 12.640 ; 12.640 ; 12.640 ; 12.640 ;
; a[10]      ; r[13]       ; 12.757 ; 12.757 ; 12.757 ; 12.757 ;
; a[10]      ; r[14]       ; 12.872 ; 12.872 ; 12.872 ; 12.872 ;
; a[10]      ; r[15]       ; 13.605 ; 13.605 ; 13.605 ; 13.605 ;
; a[11]      ; flags[0]    ; 13.302 ; 13.302 ; 13.302 ; 13.302 ;
; a[11]      ; flags[1]    ; 13.934 ; 13.934 ; 13.934 ; 13.934 ;
; a[11]      ; flags[2]    ; 13.496 ; 13.496 ; 13.496 ; 13.496 ;
; a[11]      ; r[11]       ; 12.403 ; 12.403 ; 12.403 ; 12.403 ;
; a[11]      ; r[12]       ; 12.821 ; 12.821 ; 12.821 ; 12.821 ;
; a[11]      ; r[13]       ; 12.938 ; 12.938 ; 12.938 ; 12.938 ;
; a[11]      ; r[14]       ; 13.053 ; 13.053 ; 13.053 ; 13.053 ;
; a[11]      ; r[15]       ; 13.786 ; 13.786 ; 13.786 ; 13.786 ;
; a[12]      ; flags[0]    ; 12.242 ; 12.242 ; 12.242 ; 12.242 ;
; a[12]      ; flags[1]    ; 12.746 ; 12.746 ; 12.746 ; 12.746 ;
; a[12]      ; flags[2]    ; 12.308 ; 12.308 ; 12.308 ; 12.308 ;
; a[12]      ; r[12]       ; 11.445 ; 11.445 ; 11.445 ; 11.445 ;
; a[12]      ; r[13]       ; 11.878 ; 11.878 ; 11.878 ; 11.878 ;
; a[12]      ; r[14]       ; 11.993 ; 11.993 ; 11.993 ; 11.993 ;
; a[12]      ; r[15]       ; 12.726 ; 12.726 ; 12.726 ; 12.726 ;
; a[13]      ; flags[0]    ; 12.642 ; 12.642 ; 12.642 ; 12.642 ;
; a[13]      ; flags[1]    ; 13.488 ; 13.488 ; 13.488 ; 13.488 ;
; a[13]      ; flags[2]    ; 13.050 ; 13.050 ; 13.050 ; 13.050 ;
; a[13]      ; r[13]       ; 11.966 ; 11.966 ; 11.966 ; 11.966 ;
; a[13]      ; r[14]       ; 12.393 ; 12.393 ; 12.393 ; 12.393 ;
; a[13]      ; r[15]       ; 13.126 ; 13.126 ; 13.126 ; 13.126 ;
; a[14]      ; flags[0]    ; 13.115 ; 13.115 ; 13.115 ; 13.115 ;
; a[14]      ; flags[1]    ; 13.892 ; 13.892 ; 13.892 ; 13.892 ;
; a[14]      ; flags[2]    ; 13.454 ; 13.454 ; 13.454 ; 13.454 ;
; a[14]      ; r[14]       ; 12.549 ; 12.549 ; 12.549 ; 12.549 ;
; a[14]      ; r[15]       ; 13.599 ; 13.599 ; 13.599 ; 13.599 ;
; a[15]      ; flags[0]    ; 11.311 ; 11.311 ; 11.311 ; 11.311 ;
; a[15]      ; flags[1]    ; 13.256 ; 13.256 ; 13.256 ; 13.256 ;
; a[15]      ; flags[2]    ; 12.788 ; 12.788 ; 12.788 ; 12.788 ;
; a[15]      ; r[15]       ; 11.792 ; 11.792 ; 11.792 ; 11.792 ;
; b[0]       ; flags[0]    ; 14.397 ; 14.397 ; 14.397 ; 14.397 ;
; b[0]       ; flags[1]    ; 14.808 ; 14.808 ; 14.808 ; 14.808 ;
; b[0]       ; flags[2]    ; 14.370 ; 14.370 ; 14.370 ; 14.370 ;
; b[0]       ; r[0]        ; 12.716 ; 12.716 ; 12.716 ; 12.716 ;
; b[0]       ; r[1]        ; 12.872 ; 12.872 ; 12.872 ; 12.872 ;
; b[0]       ; r[2]        ; 12.942 ; 12.942 ; 12.942 ; 12.942 ;
; b[0]       ; r[3]        ; 13.066 ; 13.066 ; 13.066 ; 13.066 ;
; b[0]       ; r[4]        ; 14.173 ; 14.173 ; 14.173 ; 14.173 ;
; b[0]       ; r[5]        ; 13.181 ; 13.181 ; 13.181 ; 13.181 ;
; b[0]       ; r[6]        ; 13.200 ; 13.200 ; 13.200 ; 13.200 ;
; b[0]       ; r[7]        ; 13.611 ; 13.611 ; 13.611 ; 13.611 ;
; b[0]       ; r[8]        ; 13.852 ; 13.852 ; 13.852 ; 13.852 ;
; b[0]       ; r[9]        ; 14.037 ; 14.037 ; 14.037 ; 14.037 ;
; b[0]       ; r[10]       ; 13.329 ; 13.329 ; 13.329 ; 13.329 ;
; b[0]       ; r[11]       ; 13.813 ; 13.813 ; 13.813 ; 13.813 ;
; b[0]       ; r[12]       ; 13.916 ; 13.916 ; 13.916 ; 13.916 ;
; b[0]       ; r[13]       ; 14.033 ; 14.033 ; 14.033 ; 14.033 ;
; b[0]       ; r[14]       ; 14.148 ; 14.148 ; 14.148 ; 14.148 ;
; b[0]       ; r[15]       ; 14.881 ; 14.881 ; 14.881 ; 14.881 ;
; b[1]       ; flags[0]    ; 14.012 ; 14.012 ; 14.012 ; 14.012 ;
; b[1]       ; flags[1]    ; 14.495 ; 14.495 ; 14.495 ; 14.495 ;
; b[1]       ; flags[2]    ; 14.057 ; 14.057 ; 14.057 ; 14.057 ;
; b[1]       ; r[1]        ; 12.175 ; 12.175 ; 12.175 ; 12.175 ;
; b[1]       ; r[2]        ; 12.557 ; 12.557 ; 12.557 ; 12.557 ;
; b[1]       ; r[3]        ; 12.681 ; 12.681 ; 12.681 ; 12.681 ;
; b[1]       ; r[4]        ; 13.788 ; 13.788 ; 13.788 ; 13.788 ;
; b[1]       ; r[5]        ; 12.796 ; 12.796 ; 12.796 ; 12.796 ;
; b[1]       ; r[6]        ; 12.815 ; 12.815 ; 12.815 ; 12.815 ;
; b[1]       ; r[7]        ; 13.226 ; 13.226 ; 13.226 ; 13.226 ;
; b[1]       ; r[8]        ; 13.467 ; 13.467 ; 13.467 ; 13.467 ;
; b[1]       ; r[9]        ; 13.652 ; 13.652 ; 13.652 ; 13.652 ;
; b[1]       ; r[10]       ; 12.944 ; 12.944 ; 12.944 ; 12.944 ;
; b[1]       ; r[11]       ; 13.428 ; 13.428 ; 13.428 ; 13.428 ;
; b[1]       ; r[12]       ; 13.531 ; 13.531 ; 13.531 ; 13.531 ;
; b[1]       ; r[13]       ; 13.648 ; 13.648 ; 13.648 ; 13.648 ;
; b[1]       ; r[14]       ; 13.763 ; 13.763 ; 13.763 ; 13.763 ;
; b[1]       ; r[15]       ; 14.496 ; 14.496 ; 14.496 ; 14.496 ;
; b[2]       ; flags[0]    ; 13.828 ; 13.828 ; 13.828 ; 13.828 ;
; b[2]       ; flags[1]    ; 14.311 ; 14.311 ; 14.311 ; 14.311 ;
; b[2]       ; flags[2]    ; 13.873 ; 13.873 ; 13.873 ; 13.873 ;
; b[2]       ; r[2]        ; 12.057 ; 12.057 ; 12.057 ; 12.057 ;
; b[2]       ; r[3]        ; 12.497 ; 12.497 ; 12.497 ; 12.497 ;
; b[2]       ; r[4]        ; 13.604 ; 13.604 ; 13.604 ; 13.604 ;
; b[2]       ; r[5]        ; 12.612 ; 12.612 ; 12.612 ; 12.612 ;
; b[2]       ; r[6]        ; 12.631 ; 12.631 ; 12.631 ; 12.631 ;
; b[2]       ; r[7]        ; 13.042 ; 13.042 ; 13.042 ; 13.042 ;
; b[2]       ; r[8]        ; 13.283 ; 13.283 ; 13.283 ; 13.283 ;
; b[2]       ; r[9]        ; 13.468 ; 13.468 ; 13.468 ; 13.468 ;
; b[2]       ; r[10]       ; 12.760 ; 12.760 ; 12.760 ; 12.760 ;
; b[2]       ; r[11]       ; 13.244 ; 13.244 ; 13.244 ; 13.244 ;
; b[2]       ; r[12]       ; 13.347 ; 13.347 ; 13.347 ; 13.347 ;
; b[2]       ; r[13]       ; 13.464 ; 13.464 ; 13.464 ; 13.464 ;
; b[2]       ; r[14]       ; 13.579 ; 13.579 ; 13.579 ; 13.579 ;
; b[2]       ; r[15]       ; 14.312 ; 14.312 ; 14.312 ; 14.312 ;
; b[3]       ; flags[0]    ; 14.112 ; 14.112 ; 14.112 ; 14.112 ;
; b[3]       ; flags[1]    ; 14.595 ; 14.595 ; 14.595 ; 14.595 ;
; b[3]       ; flags[2]    ; 14.157 ; 14.157 ; 14.157 ; 14.157 ;
; b[3]       ; r[3]        ; 12.469 ; 12.469 ; 12.469 ; 12.469 ;
; b[3]       ; r[4]        ; 13.888 ; 13.888 ; 13.888 ; 13.888 ;
; b[3]       ; r[5]        ; 12.896 ; 12.896 ; 12.896 ; 12.896 ;
; b[3]       ; r[6]        ; 12.915 ; 12.915 ; 12.915 ; 12.915 ;
; b[3]       ; r[7]        ; 13.326 ; 13.326 ; 13.326 ; 13.326 ;
; b[3]       ; r[8]        ; 13.567 ; 13.567 ; 13.567 ; 13.567 ;
; b[3]       ; r[9]        ; 13.752 ; 13.752 ; 13.752 ; 13.752 ;
; b[3]       ; r[10]       ; 13.044 ; 13.044 ; 13.044 ; 13.044 ;
; b[3]       ; r[11]       ; 13.528 ; 13.528 ; 13.528 ; 13.528 ;
; b[3]       ; r[12]       ; 13.631 ; 13.631 ; 13.631 ; 13.631 ;
; b[3]       ; r[13]       ; 13.748 ; 13.748 ; 13.748 ; 13.748 ;
; b[3]       ; r[14]       ; 13.863 ; 13.863 ; 13.863 ; 13.863 ;
; b[3]       ; r[15]       ; 14.596 ; 14.596 ; 14.596 ; 14.596 ;
; b[4]       ; flags[0]    ; 14.218 ; 14.218 ; 14.218 ; 14.218 ;
; b[4]       ; flags[1]    ; 14.701 ; 14.701 ; 14.701 ; 14.701 ;
; b[4]       ; flags[2]    ; 14.263 ; 14.263 ; 14.263 ; 14.263 ;
; b[4]       ; r[4]        ; 13.678 ; 13.678 ; 13.678 ; 13.678 ;
; b[4]       ; r[5]        ; 13.002 ; 13.002 ; 13.002 ; 13.002 ;
; b[4]       ; r[6]        ; 13.021 ; 13.021 ; 13.021 ; 13.021 ;
; b[4]       ; r[7]        ; 13.432 ; 13.432 ; 13.432 ; 13.432 ;
; b[4]       ; r[8]        ; 13.673 ; 13.673 ; 13.673 ; 13.673 ;
; b[4]       ; r[9]        ; 13.858 ; 13.858 ; 13.858 ; 13.858 ;
; b[4]       ; r[10]       ; 13.150 ; 13.150 ; 13.150 ; 13.150 ;
; b[4]       ; r[11]       ; 13.634 ; 13.634 ; 13.634 ; 13.634 ;
; b[4]       ; r[12]       ; 13.737 ; 13.737 ; 13.737 ; 13.737 ;
; b[4]       ; r[13]       ; 13.854 ; 13.854 ; 13.854 ; 13.854 ;
; b[4]       ; r[14]       ; 13.969 ; 13.969 ; 13.969 ; 13.969 ;
; b[4]       ; r[15]       ; 14.702 ; 14.702 ; 14.702 ; 14.702 ;
; b[5]       ; flags[0]    ; 13.583 ; 13.583 ; 13.583 ; 13.583 ;
; b[5]       ; flags[1]    ; 14.066 ; 14.066 ; 14.066 ; 14.066 ;
; b[5]       ; flags[2]    ; 13.628 ; 13.628 ; 13.628 ; 13.628 ;
; b[5]       ; r[5]        ; 12.055 ; 12.055 ; 12.055 ; 12.055 ;
; b[5]       ; r[6]        ; 12.386 ; 12.386 ; 12.386 ; 12.386 ;
; b[5]       ; r[7]        ; 12.797 ; 12.797 ; 12.797 ; 12.797 ;
; b[5]       ; r[8]        ; 13.038 ; 13.038 ; 13.038 ; 13.038 ;
; b[5]       ; r[9]        ; 13.223 ; 13.223 ; 13.223 ; 13.223 ;
; b[5]       ; r[10]       ; 12.515 ; 12.515 ; 12.515 ; 12.515 ;
; b[5]       ; r[11]       ; 12.999 ; 12.999 ; 12.999 ; 12.999 ;
; b[5]       ; r[12]       ; 13.102 ; 13.102 ; 13.102 ; 13.102 ;
; b[5]       ; r[13]       ; 13.219 ; 13.219 ; 13.219 ; 13.219 ;
; b[5]       ; r[14]       ; 13.334 ; 13.334 ; 13.334 ; 13.334 ;
; b[5]       ; r[15]       ; 14.067 ; 14.067 ; 14.067 ; 14.067 ;
; b[6]       ; flags[0]    ; 13.918 ; 13.918 ; 13.918 ; 13.918 ;
; b[6]       ; flags[1]    ; 14.068 ; 14.068 ; 14.068 ; 14.068 ;
; b[6]       ; flags[2]    ; 13.630 ; 13.630 ; 13.630 ; 13.630 ;
; b[6]       ; r[6]        ; 12.388 ; 12.388 ; 12.388 ; 12.388 ;
; b[6]       ; r[7]        ; 13.132 ; 13.132 ; 13.132 ; 13.132 ;
; b[6]       ; r[8]        ; 13.373 ; 13.373 ; 13.373 ; 13.373 ;
; b[6]       ; r[9]        ; 13.558 ; 13.558 ; 13.558 ; 13.558 ;
; b[6]       ; r[10]       ; 12.850 ; 12.850 ; 12.850 ; 12.850 ;
; b[6]       ; r[11]       ; 13.334 ; 13.334 ; 13.334 ; 13.334 ;
; b[6]       ; r[12]       ; 13.437 ; 13.437 ; 13.437 ; 13.437 ;
; b[6]       ; r[13]       ; 13.554 ; 13.554 ; 13.554 ; 13.554 ;
; b[6]       ; r[14]       ; 13.669 ; 13.669 ; 13.669 ; 13.669 ;
; b[6]       ; r[15]       ; 14.402 ; 14.402 ; 14.402 ; 14.402 ;
; b[7]       ; flags[0]    ; 13.645 ; 13.645 ; 13.645 ; 13.645 ;
; b[7]       ; flags[1]    ; 14.154 ; 14.154 ; 14.154 ; 14.154 ;
; b[7]       ; flags[2]    ; 13.716 ; 13.716 ; 13.716 ; 13.716 ;
; b[7]       ; r[7]        ; 12.547 ; 12.547 ; 12.547 ; 12.547 ;
; b[7]       ; r[8]        ; 13.100 ; 13.100 ; 13.100 ; 13.100 ;
; b[7]       ; r[9]        ; 13.285 ; 13.285 ; 13.285 ; 13.285 ;
; b[7]       ; r[10]       ; 12.577 ; 12.577 ; 12.577 ; 12.577 ;
; b[7]       ; r[11]       ; 13.061 ; 13.061 ; 13.061 ; 13.061 ;
; b[7]       ; r[12]       ; 13.164 ; 13.164 ; 13.164 ; 13.164 ;
; b[7]       ; r[13]       ; 13.281 ; 13.281 ; 13.281 ; 13.281 ;
; b[7]       ; r[14]       ; 13.396 ; 13.396 ; 13.396 ; 13.396 ;
; b[7]       ; r[15]       ; 14.129 ; 14.129 ; 14.129 ; 14.129 ;
; b[8]       ; flags[0]    ; 13.333 ; 13.333 ; 13.333 ; 13.333 ;
; b[8]       ; flags[1]    ; 13.526 ; 13.526 ; 13.526 ; 13.526 ;
; b[8]       ; flags[2]    ; 13.088 ; 13.088 ; 13.088 ; 13.088 ;
; b[8]       ; r[8]        ; 12.472 ; 12.472 ; 12.472 ; 12.472 ;
; b[8]       ; r[9]        ; 12.973 ; 12.973 ; 12.973 ; 12.973 ;
; b[8]       ; r[10]       ; 12.265 ; 12.265 ; 12.265 ; 12.265 ;
; b[8]       ; r[11]       ; 12.749 ; 12.749 ; 12.749 ; 12.749 ;
; b[8]       ; r[12]       ; 12.852 ; 12.852 ; 12.852 ; 12.852 ;
; b[8]       ; r[13]       ; 12.969 ; 12.969 ; 12.969 ; 12.969 ;
; b[8]       ; r[14]       ; 13.084 ; 13.084 ; 13.084 ; 13.084 ;
; b[8]       ; r[15]       ; 13.817 ; 13.817 ; 13.817 ; 13.817 ;
; b[9]       ; flags[0]    ; 13.070 ; 13.070 ; 13.070 ; 13.070 ;
; b[9]       ; flags[1]    ; 13.470 ; 13.470 ; 13.470 ; 13.470 ;
; b[9]       ; flags[2]    ; 13.032 ; 13.032 ; 13.032 ; 13.032 ;
; b[9]       ; r[9]        ; 12.398 ; 12.398 ; 12.398 ; 12.398 ;
; b[9]       ; r[10]       ; 12.002 ; 12.002 ; 12.002 ; 12.002 ;
; b[9]       ; r[11]       ; 12.486 ; 12.486 ; 12.486 ; 12.486 ;
; b[9]       ; r[12]       ; 12.589 ; 12.589 ; 12.589 ; 12.589 ;
; b[9]       ; r[13]       ; 12.706 ; 12.706 ; 12.706 ; 12.706 ;
; b[9]       ; r[14]       ; 12.821 ; 12.821 ; 12.821 ; 12.821 ;
; b[9]       ; r[15]       ; 13.554 ; 13.554 ; 13.554 ; 13.554 ;
; b[10]      ; flags[0]    ; 13.224 ; 13.224 ; 13.224 ; 13.224 ;
; b[10]      ; flags[1]    ; 13.827 ; 13.827 ; 13.827 ; 13.827 ;
; b[10]      ; flags[2]    ; 13.389 ; 13.389 ; 13.389 ; 13.389 ;
; b[10]      ; r[10]       ; 11.841 ; 11.841 ; 11.841 ; 11.841 ;
; b[10]      ; r[11]       ; 12.640 ; 12.640 ; 12.640 ; 12.640 ;
; b[10]      ; r[12]       ; 12.743 ; 12.743 ; 12.743 ; 12.743 ;
; b[10]      ; r[13]       ; 12.860 ; 12.860 ; 12.860 ; 12.860 ;
; b[10]      ; r[14]       ; 12.975 ; 12.975 ; 12.975 ; 12.975 ;
; b[10]      ; r[15]       ; 13.708 ; 13.708 ; 13.708 ; 13.708 ;
; b[11]      ; flags[0]    ; 13.041 ; 13.041 ; 13.041 ; 13.041 ;
; b[11]      ; flags[1]    ; 13.676 ; 13.676 ; 13.676 ; 13.676 ;
; b[11]      ; flags[2]    ; 13.238 ; 13.238 ; 13.238 ; 13.238 ;
; b[11]      ; r[11]       ; 12.145 ; 12.145 ; 12.145 ; 12.145 ;
; b[11]      ; r[12]       ; 12.560 ; 12.560 ; 12.560 ; 12.560 ;
; b[11]      ; r[13]       ; 12.677 ; 12.677 ; 12.677 ; 12.677 ;
; b[11]      ; r[14]       ; 12.792 ; 12.792 ; 12.792 ; 12.792 ;
; b[11]      ; r[15]       ; 13.525 ; 13.525 ; 13.525 ; 13.525 ;
; b[12]      ; flags[0]    ; 13.257 ; 13.257 ; 13.257 ; 13.257 ;
; b[12]      ; flags[1]    ; 13.762 ; 13.762 ; 13.762 ; 13.762 ;
; b[12]      ; flags[2]    ; 13.324 ; 13.324 ; 13.324 ; 13.324 ;
; b[12]      ; r[12]       ; 12.461 ; 12.461 ; 12.461 ; 12.461 ;
; b[12]      ; r[13]       ; 12.893 ; 12.893 ; 12.893 ; 12.893 ;
; b[12]      ; r[14]       ; 13.008 ; 13.008 ; 13.008 ; 13.008 ;
; b[12]      ; r[15]       ; 13.741 ; 13.741 ; 13.741 ; 13.741 ;
; b[13]      ; flags[0]    ; 13.452 ; 13.452 ; 13.452 ; 13.452 ;
; b[13]      ; flags[1]    ; 14.295 ; 14.295 ; 14.295 ; 14.295 ;
; b[13]      ; flags[2]    ; 13.857 ; 13.857 ; 13.857 ; 13.857 ;
; b[13]      ; r[13]       ; 12.773 ; 12.773 ; 12.773 ; 12.773 ;
; b[13]      ; r[14]       ; 13.203 ; 13.203 ; 13.203 ; 13.203 ;
; b[13]      ; r[15]       ; 13.936 ; 13.936 ; 13.936 ; 13.936 ;
; b[14]      ; flags[0]    ; 13.162 ; 13.162 ; 13.162 ; 13.162 ;
; b[14]      ; flags[1]    ; 13.936 ; 13.936 ; 13.936 ; 13.936 ;
; b[14]      ; flags[2]    ; 13.498 ; 13.498 ; 13.498 ; 13.498 ;
; b[14]      ; r[14]       ; 12.593 ; 12.593 ; 12.593 ; 12.593 ;
; b[14]      ; r[15]       ; 13.646 ; 13.646 ; 13.646 ; 13.646 ;
; b[15]      ; flags[0]    ; 11.140 ; 11.140 ; 11.140 ; 11.140 ;
; b[15]      ; flags[1]    ; 13.089 ; 13.089 ; 13.089 ; 13.089 ;
; b[15]      ; flags[2]    ; 12.621 ; 12.621 ; 12.621 ; 12.621 ;
; b[15]      ; r[15]       ; 11.625 ; 11.625 ; 11.625 ; 11.625 ;
; op[0]      ; flags[0]    ; 10.749 ; 10.749 ; 10.749 ; 10.749 ;
; op[0]      ; flags[1]    ; 12.698 ; 12.698 ; 12.698 ; 12.698 ;
; op[0]      ; flags[2]    ; 12.230 ; 12.230 ; 12.230 ; 12.230 ;
; op[0]      ; r[0]        ; 13.011 ; 13.011 ; 13.011 ; 13.011 ;
; op[0]      ; r[1]        ; 12.765 ; 12.765 ; 12.765 ; 12.765 ;
; op[0]      ; r[2]        ; 12.495 ; 12.495 ; 12.495 ; 12.495 ;
; op[0]      ; r[3]        ; 12.431 ; 12.431 ; 12.431 ; 12.431 ;
; op[0]      ; r[4]        ; 13.853 ; 13.853 ; 13.853 ; 13.853 ;
; op[0]      ; r[5]        ; 12.861 ; 12.861 ; 12.861 ; 12.861 ;
; op[0]      ; r[6]        ; 12.764 ; 12.764 ; 12.764 ; 12.764 ;
; op[0]      ; r[7]        ; 12.742 ; 12.742 ; 12.742 ; 12.742 ;
; op[0]      ; r[8]        ; 12.210 ; 12.210 ; 12.210 ; 12.210 ;
; op[0]      ; r[9]        ; 12.337 ; 12.337 ; 12.337 ; 12.337 ;
; op[0]      ; r[10]       ; 11.941 ; 11.941 ; 11.941 ; 11.941 ;
; op[0]      ; r[11]       ; 12.425 ; 12.425 ; 12.425 ; 12.425 ;
; op[0]      ; r[12]       ; 12.528 ; 12.528 ; 12.528 ; 12.528 ;
; op[0]      ; r[13]       ; 12.645 ; 12.645 ; 12.645 ; 12.645 ;
; op[0]      ; r[14]       ; 12.760 ; 12.760 ; 12.760 ; 12.760 ;
; op[0]      ; r[15]       ; 11.234 ; 11.234 ; 11.234 ; 11.234 ;
; op[1]      ; flags[0]    ; 10.570 ; 10.570 ; 10.570 ; 10.570 ;
; op[1]      ; flags[1]    ; 12.519 ; 12.519 ; 12.519 ; 12.519 ;
; op[1]      ; flags[2]    ; 12.051 ; 12.051 ; 12.051 ; 12.051 ;
; op[1]      ; r[0]        ; 11.265 ; 11.265 ; 11.265 ; 11.265 ;
; op[1]      ; r[1]        ; 11.106 ; 11.106 ; 11.106 ; 11.106 ;
; op[1]      ; r[2]        ; 11.176 ; 11.176 ; 11.176 ; 11.176 ;
; op[1]      ; r[3]        ; 11.300 ; 11.300 ; 11.300 ; 11.300 ;
; op[1]      ; r[4]        ; 12.407 ; 12.407 ; 12.407 ; 12.407 ;
; op[1]      ; r[5]        ; 11.415 ; 11.415 ; 11.415 ; 11.415 ;
; op[1]      ; r[6]        ; 11.434 ; 11.434 ; 11.434 ; 11.434 ;
; op[1]      ; r[7]        ; 11.845 ; 11.845 ; 11.845 ; 11.845 ;
; op[1]      ; r[8]        ; 12.086 ; 12.086 ; 12.086 ; 12.086 ;
; op[1]      ; r[9]        ; 12.271 ; 12.271 ; 12.271 ; 12.271 ;
; op[1]      ; r[10]       ; 11.563 ; 11.563 ; 11.563 ; 11.563 ;
; op[1]      ; r[11]       ; 12.047 ; 12.047 ; 12.047 ; 12.047 ;
; op[1]      ; r[12]       ; 12.150 ; 12.150 ; 12.150 ; 12.150 ;
; op[1]      ; r[13]       ; 12.267 ; 12.267 ; 12.267 ; 12.267 ;
; op[1]      ; r[14]       ; 12.382 ; 12.382 ; 12.382 ; 12.382 ;
; op[1]      ; r[15]       ; 11.055 ; 11.055 ; 11.055 ; 11.055 ;
; op[2]      ; flags[0]    ; 10.765 ; 10.765 ; 10.765 ; 10.765 ;
; op[2]      ; flags[1]    ; 12.710 ; 12.710 ; 12.710 ; 12.710 ;
; op[2]      ; flags[2]    ; 12.242 ; 12.242 ; 12.242 ; 12.242 ;
; op[2]      ; r[0]        ; 12.028 ; 12.028 ; 12.028 ; 12.028 ;
; op[2]      ; r[1]        ; 11.869 ; 11.869 ; 11.869 ; 11.869 ;
; op[2]      ; r[2]        ; 11.939 ; 11.939 ; 11.939 ; 11.939 ;
; op[2]      ; r[3]        ; 12.063 ; 12.063 ; 12.063 ; 12.063 ;
; op[2]      ; r[4]        ; 13.170 ; 13.170 ; 13.170 ; 13.170 ;
; op[2]      ; r[5]        ; 12.178 ; 12.178 ; 12.178 ; 12.178 ;
; op[2]      ; r[6]        ; 12.033 ; 12.033 ; 12.033 ; 12.033 ;
; op[2]      ; r[7]        ; 12.567 ; 12.567 ; 12.567 ; 12.567 ;
; op[2]      ; r[8]        ; 12.293 ; 12.293 ; 12.293 ; 12.293 ;
; op[2]      ; r[9]        ; 12.422 ; 12.422 ; 12.422 ; 12.422 ;
; op[2]      ; r[10]       ; 12.012 ; 12.012 ; 12.012 ; 12.012 ;
; op[2]      ; r[11]       ; 12.510 ; 12.510 ; 12.510 ; 12.510 ;
; op[2]      ; r[12]       ; 12.589 ; 12.589 ; 12.589 ; 12.589 ;
; op[2]      ; r[13]       ; 12.717 ; 12.717 ; 12.717 ; 12.717 ;
; op[2]      ; r[14]       ; 12.440 ; 12.440 ; 12.440 ; 12.440 ;
; op[2]      ; r[15]       ; 11.246 ; 11.246 ; 11.246 ; 11.246 ;
; op[3]      ; flags[0]    ; 10.351 ; 10.351 ; 10.351 ; 10.351 ;
; op[3]      ; flags[1]    ; 12.300 ; 12.300 ; 12.300 ; 12.300 ;
; op[3]      ; flags[2]    ; 11.832 ; 11.832 ; 11.832 ; 11.832 ;
; op[3]      ; r[0]        ; 12.050 ; 12.050 ; 12.050 ; 12.050 ;
; op[3]      ; r[1]        ; 11.834 ; 11.834 ; 11.834 ; 11.834 ;
; op[3]      ; r[2]        ; 11.560 ; 11.560 ; 11.560 ; 11.560 ;
; op[3]      ; r[3]        ; 11.999 ; 11.999 ; 11.999 ; 11.999 ;
; op[3]      ; r[4]        ; 12.758 ; 12.758 ; 12.758 ; 12.758 ;
; op[3]      ; r[5]        ; 12.081 ; 12.081 ; 12.081 ; 12.081 ;
; op[3]      ; r[6]        ; 11.752 ; 11.752 ; 11.752 ; 11.752 ;
; op[3]      ; r[7]        ; 11.766 ; 11.766 ; 11.766 ; 11.766 ;
; op[3]      ; r[8]        ; 11.891 ; 11.891 ; 11.891 ; 11.891 ;
; op[3]      ; r[9]        ; 12.009 ; 12.009 ; 12.009 ; 12.009 ;
; op[3]      ; r[10]       ; 11.268 ; 11.268 ; 11.268 ; 11.268 ;
; op[3]      ; r[11]       ; 11.568 ; 11.568 ; 11.568 ; 11.568 ;
; op[3]      ; r[12]       ; 11.975 ; 11.975 ; 11.975 ; 11.975 ;
; op[3]      ; r[13]       ; 11.754 ; 11.754 ; 11.754 ; 11.754 ;
; op[3]      ; r[14]       ; 11.820 ; 11.820 ; 11.820 ; 11.820 ;
; op[3]      ; r[15]       ; 10.836 ; 10.836 ; 10.836 ; 10.836 ;
+------------+-------------+--------+--------+--------+--------+


----------------------------
; Fast Model Setup Summary ;
----------------------------
No paths to report.


---------------------------
; Fast Model Hold Summary ;
---------------------------
No paths to report.


-------------------------------
; Fast Model Recovery Summary ;
-------------------------------
No paths to report.


------------------------------
; Fast Model Removal Summary ;
------------------------------
No paths to report.


------------------------------------------
; Fast Model Minimum Pulse Width Summary ;
------------------------------------------
No paths to report.


+----------------------------------------------------------+
; Propagation Delay                                        ;
+------------+-------------+-------+-------+-------+-------+
; Input Port ; Output Port ; RR    ; RF    ; FR    ; FF    ;
+------------+-------------+-------+-------+-------+-------+
; a[0]       ; flags[0]    ; 7.935 ; 7.935 ; 7.935 ; 7.935 ;
; a[0]       ; flags[1]    ; 8.820 ; 8.820 ; 8.820 ; 8.820 ;
; a[0]       ; flags[2]    ; 8.597 ; 8.597 ; 8.597 ; 8.597 ;
; a[0]       ; r[0]        ; 7.150 ; 7.150 ; 7.150 ; 7.150 ;
; a[0]       ; r[1]        ; 7.185 ; 7.185 ; 7.185 ; 7.185 ;
; a[0]       ; r[2]        ; 7.217 ; 7.217 ; 7.217 ; 7.217 ;
; a[0]       ; r[3]        ; 7.296 ; 7.296 ; 7.296 ; 7.296 ;
; a[0]       ; r[4]        ; 7.810 ; 7.810 ; 7.810 ; 7.810 ;
; a[0]       ; r[5]        ; 7.342 ; 7.342 ; 7.342 ; 7.342 ;
; a[0]       ; r[6]        ; 7.330 ; 7.330 ; 7.330 ; 7.330 ;
; a[0]       ; r[7]        ; 7.586 ; 7.586 ; 7.586 ; 7.586 ;
; a[0]       ; r[8]        ; 7.657 ; 7.657 ; 7.657 ; 7.657 ;
; a[0]       ; r[9]        ; 7.756 ; 7.756 ; 7.756 ; 7.756 ;
; a[0]       ; r[10]       ; 7.421 ; 7.421 ; 7.421 ; 7.421 ;
; a[0]       ; r[11]       ; 7.635 ; 7.635 ; 7.635 ; 7.635 ;
; a[0]       ; r[12]       ; 7.686 ; 7.686 ; 7.686 ; 7.686 ;
; a[0]       ; r[13]       ; 7.763 ; 7.763 ; 7.763 ; 7.763 ;
; a[0]       ; r[14]       ; 7.834 ; 7.834 ; 7.834 ; 7.834 ;
; a[0]       ; r[15]       ; 8.165 ; 8.165 ; 8.165 ; 8.165 ;
; a[1]       ; flags[0]    ; 7.765 ; 7.765 ; 7.765 ; 7.765 ;
; a[1]       ; flags[1]    ; 8.650 ; 8.650 ; 8.650 ; 8.650 ;
; a[1]       ; flags[2]    ; 8.427 ; 8.427 ; 8.427 ; 8.427 ;
; a[1]       ; r[1]        ; 6.912 ; 6.912 ; 6.912 ; 6.912 ;
; a[1]       ; r[2]        ; 7.047 ; 7.047 ; 7.047 ; 7.047 ;
; a[1]       ; r[3]        ; 7.126 ; 7.126 ; 7.126 ; 7.126 ;
; a[1]       ; r[4]        ; 7.640 ; 7.640 ; 7.640 ; 7.640 ;
; a[1]       ; r[5]        ; 7.172 ; 7.172 ; 7.172 ; 7.172 ;
; a[1]       ; r[6]        ; 7.160 ; 7.160 ; 7.160 ; 7.160 ;
; a[1]       ; r[7]        ; 7.416 ; 7.416 ; 7.416 ; 7.416 ;
; a[1]       ; r[8]        ; 7.487 ; 7.487 ; 7.487 ; 7.487 ;
; a[1]       ; r[9]        ; 7.586 ; 7.586 ; 7.586 ; 7.586 ;
; a[1]       ; r[10]       ; 7.251 ; 7.251 ; 7.251 ; 7.251 ;
; a[1]       ; r[11]       ; 7.465 ; 7.465 ; 7.465 ; 7.465 ;
; a[1]       ; r[12]       ; 7.516 ; 7.516 ; 7.516 ; 7.516 ;
; a[1]       ; r[13]       ; 7.593 ; 7.593 ; 7.593 ; 7.593 ;
; a[1]       ; r[14]       ; 7.664 ; 7.664 ; 7.664 ; 7.664 ;
; a[1]       ; r[15]       ; 7.995 ; 7.995 ; 7.995 ; 7.995 ;
; a[2]       ; flags[0]    ; 7.602 ; 7.602 ; 7.602 ; 7.602 ;
; a[2]       ; flags[1]    ; 8.487 ; 8.487 ; 8.487 ; 8.487 ;
; a[2]       ; flags[2]    ; 8.264 ; 8.264 ; 8.264 ; 8.264 ;
; a[2]       ; r[2]        ; 6.781 ; 6.781 ; 6.781 ; 6.781 ;
; a[2]       ; r[3]        ; 6.963 ; 6.963 ; 6.963 ; 6.963 ;
; a[2]       ; r[4]        ; 7.477 ; 7.477 ; 7.477 ; 7.477 ;
; a[2]       ; r[5]        ; 7.009 ; 7.009 ; 7.009 ; 7.009 ;
; a[2]       ; r[6]        ; 6.997 ; 6.997 ; 6.997 ; 6.997 ;
; a[2]       ; r[7]        ; 7.253 ; 7.253 ; 7.253 ; 7.253 ;
; a[2]       ; r[8]        ; 7.324 ; 7.324 ; 7.324 ; 7.324 ;
; a[2]       ; r[9]        ; 7.423 ; 7.423 ; 7.423 ; 7.423 ;
; a[2]       ; r[10]       ; 7.088 ; 7.088 ; 7.088 ; 7.088 ;
; a[2]       ; r[11]       ; 7.302 ; 7.302 ; 7.302 ; 7.302 ;
; a[2]       ; r[12]       ; 7.353 ; 7.353 ; 7.353 ; 7.353 ;
; a[2]       ; r[13]       ; 7.430 ; 7.430 ; 7.430 ; 7.430 ;
; a[2]       ; r[14]       ; 7.501 ; 7.501 ; 7.501 ; 7.501 ;
; a[2]       ; r[15]       ; 7.832 ; 7.832 ; 7.832 ; 7.832 ;
; a[3]       ; flags[0]    ; 7.671 ; 7.671 ; 7.671 ; 7.671 ;
; a[3]       ; flags[1]    ; 8.556 ; 8.556 ; 8.556 ; 8.556 ;
; a[3]       ; flags[2]    ; 8.333 ; 8.333 ; 8.333 ; 8.333 ;
; a[3]       ; r[3]        ; 6.929 ; 6.929 ; 6.929 ; 6.929 ;
; a[3]       ; r[4]        ; 7.546 ; 7.546 ; 7.546 ; 7.546 ;
; a[3]       ; r[5]        ; 7.078 ; 7.078 ; 7.078 ; 7.078 ;
; a[3]       ; r[6]        ; 7.066 ; 7.066 ; 7.066 ; 7.066 ;
; a[3]       ; r[7]        ; 7.322 ; 7.322 ; 7.322 ; 7.322 ;
; a[3]       ; r[8]        ; 7.393 ; 7.393 ; 7.393 ; 7.393 ;
; a[3]       ; r[9]        ; 7.492 ; 7.492 ; 7.492 ; 7.492 ;
; a[3]       ; r[10]       ; 7.157 ; 7.157 ; 7.157 ; 7.157 ;
; a[3]       ; r[11]       ; 7.371 ; 7.371 ; 7.371 ; 7.371 ;
; a[3]       ; r[12]       ; 7.422 ; 7.422 ; 7.422 ; 7.422 ;
; a[3]       ; r[13]       ; 7.499 ; 7.499 ; 7.499 ; 7.499 ;
; a[3]       ; r[14]       ; 7.570 ; 7.570 ; 7.570 ; 7.570 ;
; a[3]       ; r[15]       ; 7.901 ; 7.901 ; 7.901 ; 7.901 ;
; a[4]       ; flags[0]    ; 7.522 ; 7.522 ; 7.522 ; 7.522 ;
; a[4]       ; flags[1]    ; 8.407 ; 8.407 ; 8.407 ; 8.407 ;
; a[4]       ; flags[2]    ; 8.184 ; 8.184 ; 8.184 ; 8.184 ;
; a[4]       ; r[4]        ; 7.294 ; 7.294 ; 7.294 ; 7.294 ;
; a[4]       ; r[5]        ; 6.929 ; 6.929 ; 6.929 ; 6.929 ;
; a[4]       ; r[6]        ; 6.917 ; 6.917 ; 6.917 ; 6.917 ;
; a[4]       ; r[7]        ; 7.173 ; 7.173 ; 7.173 ; 7.173 ;
; a[4]       ; r[8]        ; 7.244 ; 7.244 ; 7.244 ; 7.244 ;
; a[4]       ; r[9]        ; 7.343 ; 7.343 ; 7.343 ; 7.343 ;
; a[4]       ; r[10]       ; 7.008 ; 7.008 ; 7.008 ; 7.008 ;
; a[4]       ; r[11]       ; 7.222 ; 7.222 ; 7.222 ; 7.222 ;
; a[4]       ; r[12]       ; 7.273 ; 7.273 ; 7.273 ; 7.273 ;
; a[4]       ; r[13]       ; 7.350 ; 7.350 ; 7.350 ; 7.350 ;
; a[4]       ; r[14]       ; 7.421 ; 7.421 ; 7.421 ; 7.421 ;
; a[4]       ; r[15]       ; 7.752 ; 7.752 ; 7.752 ; 7.752 ;
; a[5]       ; flags[0]    ; 7.537 ; 7.537 ; 7.537 ; 7.537 ;
; a[5]       ; flags[1]    ; 8.422 ; 8.422 ; 8.422 ; 8.422 ;
; a[5]       ; flags[2]    ; 8.199 ; 8.199 ; 8.199 ; 8.199 ;
; a[5]       ; r[5]        ; 6.841 ; 6.841 ; 6.841 ; 6.841 ;
; a[5]       ; r[6]        ; 6.932 ; 6.932 ; 6.932 ; 6.932 ;
; a[5]       ; r[7]        ; 7.188 ; 7.188 ; 7.188 ; 7.188 ;
; a[5]       ; r[8]        ; 7.259 ; 7.259 ; 7.259 ; 7.259 ;
; a[5]       ; r[9]        ; 7.358 ; 7.358 ; 7.358 ; 7.358 ;
; a[5]       ; r[10]       ; 7.023 ; 7.023 ; 7.023 ; 7.023 ;
; a[5]       ; r[11]       ; 7.237 ; 7.237 ; 7.237 ; 7.237 ;
; a[5]       ; r[12]       ; 7.288 ; 7.288 ; 7.288 ; 7.288 ;
; a[5]       ; r[13]       ; 7.365 ; 7.365 ; 7.365 ; 7.365 ;
; a[5]       ; r[14]       ; 7.436 ; 7.436 ; 7.436 ; 7.436 ;
; a[5]       ; r[15]       ; 7.767 ; 7.767 ; 7.767 ; 7.767 ;
; a[6]       ; flags[0]    ; 7.242 ; 7.242 ; 7.242 ; 7.242 ;
; a[6]       ; flags[1]    ; 8.127 ; 8.127 ; 8.127 ; 8.127 ;
; a[6]       ; flags[2]    ; 7.904 ; 7.904 ; 7.904 ; 7.904 ;
; a[6]       ; r[6]        ; 6.539 ; 6.539 ; 6.539 ; 6.539 ;
; a[6]       ; r[7]        ; 6.893 ; 6.893 ; 6.893 ; 6.893 ;
; a[6]       ; r[8]        ; 6.964 ; 6.964 ; 6.964 ; 6.964 ;
; a[6]       ; r[9]        ; 7.063 ; 7.063 ; 7.063 ; 7.063 ;
; a[6]       ; r[10]       ; 6.728 ; 6.728 ; 6.728 ; 6.728 ;
; a[6]       ; r[11]       ; 6.942 ; 6.942 ; 6.942 ; 6.942 ;
; a[6]       ; r[12]       ; 6.993 ; 6.993 ; 6.993 ; 6.993 ;
; a[6]       ; r[13]       ; 7.070 ; 7.070 ; 7.070 ; 7.070 ;
; a[6]       ; r[14]       ; 7.141 ; 7.141 ; 7.141 ; 7.141 ;
; a[6]       ; r[15]       ; 7.472 ; 7.472 ; 7.472 ; 7.472 ;
; a[7]       ; flags[0]    ; 7.777 ; 7.777 ; 7.777 ; 7.777 ;
; a[7]       ; flags[1]    ; 8.662 ; 8.662 ; 8.662 ; 8.662 ;
; a[7]       ; flags[2]    ; 8.439 ; 8.439 ; 8.439 ; 8.439 ;
; a[7]       ; r[7]        ; 7.323 ; 7.323 ; 7.323 ; 7.323 ;
; a[7]       ; r[8]        ; 7.499 ; 7.499 ; 7.499 ; 7.499 ;
; a[7]       ; r[9]        ; 7.598 ; 7.598 ; 7.598 ; 7.598 ;
; a[7]       ; r[10]       ; 7.263 ; 7.263 ; 7.263 ; 7.263 ;
; a[7]       ; r[11]       ; 7.477 ; 7.477 ; 7.477 ; 7.477 ;
; a[7]       ; r[12]       ; 7.528 ; 7.528 ; 7.528 ; 7.528 ;
; a[7]       ; r[13]       ; 7.605 ; 7.605 ; 7.605 ; 7.605 ;
; a[7]       ; r[14]       ; 7.676 ; 7.676 ; 7.676 ; 7.676 ;
; a[7]       ; r[15]       ; 8.007 ; 8.007 ; 8.007 ; 8.007 ;
; a[8]       ; flags[0]    ; 7.078 ; 7.078 ; 7.078 ; 7.078 ;
; a[8]       ; flags[1]    ; 7.963 ; 7.963 ; 7.963 ; 7.963 ;
; a[8]       ; flags[2]    ; 7.740 ; 7.740 ; 7.740 ; 7.740 ;
; a[8]       ; r[8]        ; 6.695 ; 6.695 ; 6.695 ; 6.695 ;
; a[8]       ; r[9]        ; 6.899 ; 6.899 ; 6.899 ; 6.899 ;
; a[8]       ; r[10]       ; 6.564 ; 6.564 ; 6.564 ; 6.564 ;
; a[8]       ; r[11]       ; 6.778 ; 6.778 ; 6.778 ; 6.778 ;
; a[8]       ; r[12]       ; 6.829 ; 6.829 ; 6.829 ; 6.829 ;
; a[8]       ; r[13]       ; 6.906 ; 6.906 ; 6.906 ; 6.906 ;
; a[8]       ; r[14]       ; 6.977 ; 6.977 ; 6.977 ; 6.977 ;
; a[8]       ; r[15]       ; 7.308 ; 7.308 ; 7.308 ; 7.308 ;
; a[9]       ; flags[0]    ; 7.149 ; 7.149 ; 7.149 ; 7.149 ;
; a[9]       ; flags[1]    ; 8.034 ; 8.034 ; 8.034 ; 8.034 ;
; a[9]       ; flags[2]    ; 7.811 ; 7.811 ; 7.811 ; 7.811 ;
; a[9]       ; r[9]        ; 6.865 ; 6.865 ; 6.865 ; 6.865 ;
; a[9]       ; r[10]       ; 6.635 ; 6.635 ; 6.635 ; 6.635 ;
; a[9]       ; r[11]       ; 6.849 ; 6.849 ; 6.849 ; 6.849 ;
; a[9]       ; r[12]       ; 6.900 ; 6.900 ; 6.900 ; 6.900 ;
; a[9]       ; r[13]       ; 6.977 ; 6.977 ; 6.977 ; 6.977 ;
; a[9]       ; r[14]       ; 7.048 ; 7.048 ; 7.048 ; 7.048 ;
; a[9]       ; r[15]       ; 7.379 ; 7.379 ; 7.379 ; 7.379 ;
; a[10]      ; flags[0]    ; 7.267 ; 7.267 ; 7.267 ; 7.267 ;
; a[10]      ; flags[1]    ; 8.152 ; 8.152 ; 8.152 ; 8.152 ;
; a[10]      ; flags[2]    ; 7.929 ; 7.929 ; 7.929 ; 7.929 ;
; a[10]      ; r[10]       ; 6.648 ; 6.648 ; 6.648 ; 6.648 ;
; a[10]      ; r[11]       ; 6.967 ; 6.967 ; 6.967 ; 6.967 ;
; a[10]      ; r[12]       ; 7.018 ; 7.018 ; 7.018 ; 7.018 ;
; a[10]      ; r[13]       ; 7.095 ; 7.095 ; 7.095 ; 7.095 ;
; a[10]      ; r[14]       ; 7.166 ; 7.166 ; 7.166 ; 7.166 ;
; a[10]      ; r[15]       ; 7.497 ; 7.497 ; 7.497 ; 7.497 ;
; a[11]      ; flags[0]    ; 7.291 ; 7.291 ; 7.291 ; 7.291 ;
; a[11]      ; flags[1]    ; 8.176 ; 8.176 ; 8.176 ; 8.176 ;
; a[11]      ; flags[2]    ; 7.953 ; 7.953 ; 7.953 ; 7.953 ;
; a[11]      ; r[11]       ; 6.886 ; 6.886 ; 6.886 ; 6.886 ;
; a[11]      ; r[12]       ; 7.042 ; 7.042 ; 7.042 ; 7.042 ;
; a[11]      ; r[13]       ; 7.119 ; 7.119 ; 7.119 ; 7.119 ;
; a[11]      ; r[14]       ; 7.190 ; 7.190 ; 7.190 ; 7.190 ;
; a[11]      ; r[15]       ; 7.521 ; 7.521 ; 7.521 ; 7.521 ;
; a[12]      ; flags[0]    ; 6.938 ; 6.938 ; 6.938 ; 6.938 ;
; a[12]      ; flags[1]    ; 7.823 ; 7.823 ; 7.823 ; 7.823 ;
; a[12]      ; flags[2]    ; 7.600 ; 7.600 ; 7.600 ; 7.600 ;
; a[12]      ; r[12]       ; 6.586 ; 6.586 ; 6.586 ; 6.586 ;
; a[12]      ; r[13]       ; 6.766 ; 6.766 ; 6.766 ; 6.766 ;
; a[12]      ; r[14]       ; 6.837 ; 6.837 ; 6.837 ; 6.837 ;
; a[12]      ; r[15]       ; 7.168 ; 7.168 ; 7.168 ; 7.168 ;
; a[13]      ; flags[0]    ; 7.032 ; 7.032 ; 7.032 ; 7.032 ;
; a[13]      ; flags[1]    ; 7.917 ; 7.917 ; 7.917 ; 7.917 ;
; a[13]      ; flags[2]    ; 7.694 ; 7.694 ; 7.694 ; 7.694 ;
; a[13]      ; r[13]       ; 6.757 ; 6.757 ; 6.757 ; 6.757 ;
; a[13]      ; r[14]       ; 6.931 ; 6.931 ; 6.931 ; 6.931 ;
; a[13]      ; r[15]       ; 7.262 ; 7.262 ; 7.262 ; 7.262 ;
; a[14]      ; flags[0]    ; 7.374 ; 7.374 ; 7.374 ; 7.374 ;
; a[14]      ; flags[1]    ; 8.259 ; 8.259 ; 8.259 ; 8.259 ;
; a[14]      ; flags[2]    ; 8.036 ; 8.036 ; 8.036 ; 8.036 ;
; a[14]      ; r[14]       ; 7.173 ; 7.173 ; 7.173 ; 7.173 ;
; a[14]      ; r[15]       ; 7.604 ; 7.604 ; 7.604 ; 7.604 ;
; a[15]      ; flags[0]    ; 6.171 ; 6.171 ; 6.171 ; 6.171 ;
; a[15]      ; flags[1]    ; 7.056 ; 7.056 ; 7.056 ; 7.056 ;
; a[15]      ; flags[2]    ; 6.833 ; 6.833 ; 6.833 ; 6.833 ;
; a[15]      ; r[15]       ; 6.401 ; 6.401 ; 6.401 ; 6.401 ;
; b[0]       ; flags[0]    ; 7.579 ; 7.579 ; 7.579 ; 7.579 ;
; b[0]       ; flags[1]    ; 8.464 ; 8.464 ; 8.464 ; 8.464 ;
; b[0]       ; flags[2]    ; 8.241 ; 8.241 ; 8.241 ; 8.241 ;
; b[0]       ; r[0]        ; 6.794 ; 6.794 ; 6.794 ; 6.794 ;
; b[0]       ; r[1]        ; 6.829 ; 6.829 ; 6.829 ; 6.829 ;
; b[0]       ; r[2]        ; 6.861 ; 6.861 ; 6.861 ; 6.861 ;
; b[0]       ; r[3]        ; 6.940 ; 6.940 ; 6.940 ; 6.940 ;
; b[0]       ; r[4]        ; 7.454 ; 7.454 ; 7.454 ; 7.454 ;
; b[0]       ; r[5]        ; 6.986 ; 6.986 ; 6.986 ; 6.986 ;
; b[0]       ; r[6]        ; 6.974 ; 6.974 ; 6.974 ; 6.974 ;
; b[0]       ; r[7]        ; 7.230 ; 7.230 ; 7.230 ; 7.230 ;
; b[0]       ; r[8]        ; 7.301 ; 7.301 ; 7.301 ; 7.301 ;
; b[0]       ; r[9]        ; 7.400 ; 7.400 ; 7.400 ; 7.400 ;
; b[0]       ; r[10]       ; 7.065 ; 7.065 ; 7.065 ; 7.065 ;
; b[0]       ; r[11]       ; 7.279 ; 7.279 ; 7.279 ; 7.279 ;
; b[0]       ; r[12]       ; 7.330 ; 7.330 ; 7.330 ; 7.330 ;
; b[0]       ; r[13]       ; 7.407 ; 7.407 ; 7.407 ; 7.407 ;
; b[0]       ; r[14]       ; 7.478 ; 7.478 ; 7.478 ; 7.478 ;
; b[0]       ; r[15]       ; 7.809 ; 7.809 ; 7.809 ; 7.809 ;
; b[1]       ; flags[0]    ; 7.700 ; 7.700 ; 7.700 ; 7.700 ;
; b[1]       ; flags[1]    ; 8.585 ; 8.585 ; 8.585 ; 8.585 ;
; b[1]       ; flags[2]    ; 8.362 ; 8.362 ; 8.362 ; 8.362 ;
; b[1]       ; r[1]        ; 6.845 ; 6.845 ; 6.845 ; 6.845 ;
; b[1]       ; r[2]        ; 6.982 ; 6.982 ; 6.982 ; 6.982 ;
; b[1]       ; r[3]        ; 7.061 ; 7.061 ; 7.061 ; 7.061 ;
; b[1]       ; r[4]        ; 7.575 ; 7.575 ; 7.575 ; 7.575 ;
; b[1]       ; r[5]        ; 7.107 ; 7.107 ; 7.107 ; 7.107 ;
; b[1]       ; r[6]        ; 7.095 ; 7.095 ; 7.095 ; 7.095 ;
; b[1]       ; r[7]        ; 7.351 ; 7.351 ; 7.351 ; 7.351 ;
; b[1]       ; r[8]        ; 7.422 ; 7.422 ; 7.422 ; 7.422 ;
; b[1]       ; r[9]        ; 7.521 ; 7.521 ; 7.521 ; 7.521 ;
; b[1]       ; r[10]       ; 7.186 ; 7.186 ; 7.186 ; 7.186 ;
; b[1]       ; r[11]       ; 7.400 ; 7.400 ; 7.400 ; 7.400 ;
; b[1]       ; r[12]       ; 7.451 ; 7.451 ; 7.451 ; 7.451 ;
; b[1]       ; r[13]       ; 7.528 ; 7.528 ; 7.528 ; 7.528 ;
; b[1]       ; r[14]       ; 7.599 ; 7.599 ; 7.599 ; 7.599 ;
; b[1]       ; r[15]       ; 7.930 ; 7.930 ; 7.930 ; 7.930 ;
; b[2]       ; flags[0]    ; 7.385 ; 7.385 ; 7.385 ; 7.385 ;
; b[2]       ; flags[1]    ; 8.270 ; 8.270 ; 8.270 ; 8.270 ;
; b[2]       ; flags[2]    ; 8.047 ; 8.047 ; 8.047 ; 8.047 ;
; b[2]       ; r[2]        ; 6.564 ; 6.564 ; 6.564 ; 6.564 ;
; b[2]       ; r[3]        ; 6.746 ; 6.746 ; 6.746 ; 6.746 ;
; b[2]       ; r[4]        ; 7.260 ; 7.260 ; 7.260 ; 7.260 ;
; b[2]       ; r[5]        ; 6.792 ; 6.792 ; 6.792 ; 6.792 ;
; b[2]       ; r[6]        ; 6.780 ; 6.780 ; 6.780 ; 6.780 ;
; b[2]       ; r[7]        ; 7.036 ; 7.036 ; 7.036 ; 7.036 ;
; b[2]       ; r[8]        ; 7.107 ; 7.107 ; 7.107 ; 7.107 ;
; b[2]       ; r[9]        ; 7.206 ; 7.206 ; 7.206 ; 7.206 ;
; b[2]       ; r[10]       ; 6.871 ; 6.871 ; 6.871 ; 6.871 ;
; b[2]       ; r[11]       ; 7.085 ; 7.085 ; 7.085 ; 7.085 ;
; b[2]       ; r[12]       ; 7.136 ; 7.136 ; 7.136 ; 7.136 ;
; b[2]       ; r[13]       ; 7.213 ; 7.213 ; 7.213 ; 7.213 ;
; b[2]       ; r[14]       ; 7.284 ; 7.284 ; 7.284 ; 7.284 ;
; b[2]       ; r[15]       ; 7.615 ; 7.615 ; 7.615 ; 7.615 ;
; b[3]       ; flags[0]    ; 7.465 ; 7.465 ; 7.465 ; 7.465 ;
; b[3]       ; flags[1]    ; 8.350 ; 8.350 ; 8.350 ; 8.350 ;
; b[3]       ; flags[2]    ; 8.127 ; 8.127 ; 8.127 ; 8.127 ;
; b[3]       ; r[3]        ; 6.723 ; 6.723 ; 6.723 ; 6.723 ;
; b[3]       ; r[4]        ; 7.340 ; 7.340 ; 7.340 ; 7.340 ;
; b[3]       ; r[5]        ; 6.872 ; 6.872 ; 6.872 ; 6.872 ;
; b[3]       ; r[6]        ; 6.860 ; 6.860 ; 6.860 ; 6.860 ;
; b[3]       ; r[7]        ; 7.116 ; 7.116 ; 7.116 ; 7.116 ;
; b[3]       ; r[8]        ; 7.187 ; 7.187 ; 7.187 ; 7.187 ;
; b[3]       ; r[9]        ; 7.286 ; 7.286 ; 7.286 ; 7.286 ;
; b[3]       ; r[10]       ; 6.951 ; 6.951 ; 6.951 ; 6.951 ;
; b[3]       ; r[11]       ; 7.165 ; 7.165 ; 7.165 ; 7.165 ;
; b[3]       ; r[12]       ; 7.216 ; 7.216 ; 7.216 ; 7.216 ;
; b[3]       ; r[13]       ; 7.293 ; 7.293 ; 7.293 ; 7.293 ;
; b[3]       ; r[14]       ; 7.364 ; 7.364 ; 7.364 ; 7.364 ;
; b[3]       ; r[15]       ; 7.695 ; 7.695 ; 7.695 ; 7.695 ;
; b[4]       ; flags[0]    ; 7.636 ; 7.636 ; 7.636 ; 7.636 ;
; b[4]       ; flags[1]    ; 8.521 ; 8.521 ; 8.521 ; 8.521 ;
; b[4]       ; flags[2]    ; 8.298 ; 8.298 ; 8.298 ; 8.298 ;
; b[4]       ; r[4]        ; 7.406 ; 7.406 ; 7.406 ; 7.406 ;
; b[4]       ; r[5]        ; 7.043 ; 7.043 ; 7.043 ; 7.043 ;
; b[4]       ; r[6]        ; 7.031 ; 7.031 ; 7.031 ; 7.031 ;
; b[4]       ; r[7]        ; 7.287 ; 7.287 ; 7.287 ; 7.287 ;
; b[4]       ; r[8]        ; 7.358 ; 7.358 ; 7.358 ; 7.358 ;
; b[4]       ; r[9]        ; 7.457 ; 7.457 ; 7.457 ; 7.457 ;
; b[4]       ; r[10]       ; 7.122 ; 7.122 ; 7.122 ; 7.122 ;
; b[4]       ; r[11]       ; 7.336 ; 7.336 ; 7.336 ; 7.336 ;
; b[4]       ; r[12]       ; 7.387 ; 7.387 ; 7.387 ; 7.387 ;
; b[4]       ; r[13]       ; 7.464 ; 7.464 ; 7.464 ; 7.464 ;
; b[4]       ; r[14]       ; 7.535 ; 7.535 ; 7.535 ; 7.535 ;
; b[4]       ; r[15]       ; 7.866 ; 7.866 ; 7.866 ; 7.866 ;
; b[5]       ; flags[0]    ; 7.444 ; 7.444 ; 7.444 ; 7.444 ;
; b[5]       ; flags[1]    ; 8.329 ; 8.329 ; 8.329 ; 8.329 ;
; b[5]       ; flags[2]    ; 8.106 ; 8.106 ; 8.106 ; 8.106 ;
; b[5]       ; r[5]        ; 6.746 ; 6.746 ; 6.746 ; 6.746 ;
; b[5]       ; r[6]        ; 6.839 ; 6.839 ; 6.839 ; 6.839 ;
; b[5]       ; r[7]        ; 7.095 ; 7.095 ; 7.095 ; 7.095 ;
; b[5]       ; r[8]        ; 7.166 ; 7.166 ; 7.166 ; 7.166 ;
; b[5]       ; r[9]        ; 7.265 ; 7.265 ; 7.265 ; 7.265 ;
; b[5]       ; r[10]       ; 6.930 ; 6.930 ; 6.930 ; 6.930 ;
; b[5]       ; r[11]       ; 7.144 ; 7.144 ; 7.144 ; 7.144 ;
; b[5]       ; r[12]       ; 7.195 ; 7.195 ; 7.195 ; 7.195 ;
; b[5]       ; r[13]       ; 7.272 ; 7.272 ; 7.272 ; 7.272 ;
; b[5]       ; r[14]       ; 7.343 ; 7.343 ; 7.343 ; 7.343 ;
; b[5]       ; r[15]       ; 7.674 ; 7.674 ; 7.674 ; 7.674 ;
; b[6]       ; flags[0]    ; 7.527 ; 7.527 ; 7.527 ; 7.527 ;
; b[6]       ; flags[1]    ; 8.412 ; 8.412 ; 8.412 ; 8.412 ;
; b[6]       ; flags[2]    ; 8.189 ; 8.189 ; 8.189 ; 8.189 ;
; b[6]       ; r[6]        ; 6.824 ; 6.824 ; 6.824 ; 6.824 ;
; b[6]       ; r[7]        ; 7.178 ; 7.178 ; 7.178 ; 7.178 ;
; b[6]       ; r[8]        ; 7.249 ; 7.249 ; 7.249 ; 7.249 ;
; b[6]       ; r[9]        ; 7.348 ; 7.348 ; 7.348 ; 7.348 ;
; b[6]       ; r[10]       ; 7.013 ; 7.013 ; 7.013 ; 7.013 ;
; b[6]       ; r[11]       ; 7.227 ; 7.227 ; 7.227 ; 7.227 ;
; b[6]       ; r[12]       ; 7.278 ; 7.278 ; 7.278 ; 7.278 ;
; b[6]       ; r[13]       ; 7.355 ; 7.355 ; 7.355 ; 7.355 ;
; b[6]       ; r[14]       ; 7.426 ; 7.426 ; 7.426 ; 7.426 ;
; b[6]       ; r[15]       ; 7.757 ; 7.757 ; 7.757 ; 7.757 ;
; b[7]       ; flags[0]    ; 7.397 ; 7.397 ; 7.397 ; 7.397 ;
; b[7]       ; flags[1]    ; 8.282 ; 8.282 ; 8.282 ; 8.282 ;
; b[7]       ; flags[2]    ; 8.059 ; 8.059 ; 8.059 ; 8.059 ;
; b[7]       ; r[7]        ; 6.943 ; 6.943 ; 6.943 ; 6.943 ;
; b[7]       ; r[8]        ; 7.119 ; 7.119 ; 7.119 ; 7.119 ;
; b[7]       ; r[9]        ; 7.218 ; 7.218 ; 7.218 ; 7.218 ;
; b[7]       ; r[10]       ; 6.883 ; 6.883 ; 6.883 ; 6.883 ;
; b[7]       ; r[11]       ; 7.097 ; 7.097 ; 7.097 ; 7.097 ;
; b[7]       ; r[12]       ; 7.148 ; 7.148 ; 7.148 ; 7.148 ;
; b[7]       ; r[13]       ; 7.225 ; 7.225 ; 7.225 ; 7.225 ;
; b[7]       ; r[14]       ; 7.296 ; 7.296 ; 7.296 ; 7.296 ;
; b[7]       ; r[15]       ; 7.627 ; 7.627 ; 7.627 ; 7.627 ;
; b[8]       ; flags[0]    ; 7.241 ; 7.241 ; 7.241 ; 7.241 ;
; b[8]       ; flags[1]    ; 8.126 ; 8.126 ; 8.126 ; 8.126 ;
; b[8]       ; flags[2]    ; 7.903 ; 7.903 ; 7.903 ; 7.903 ;
; b[8]       ; r[8]        ; 6.858 ; 6.858 ; 6.858 ; 6.858 ;
; b[8]       ; r[9]        ; 7.062 ; 7.062 ; 7.062 ; 7.062 ;
; b[8]       ; r[10]       ; 6.727 ; 6.727 ; 6.727 ; 6.727 ;
; b[8]       ; r[11]       ; 6.941 ; 6.941 ; 6.941 ; 6.941 ;
; b[8]       ; r[12]       ; 6.992 ; 6.992 ; 6.992 ; 6.992 ;
; b[8]       ; r[13]       ; 7.069 ; 7.069 ; 7.069 ; 7.069 ;
; b[8]       ; r[14]       ; 7.140 ; 7.140 ; 7.140 ; 7.140 ;
; b[8]       ; r[15]       ; 7.471 ; 7.471 ; 7.471 ; 7.471 ;
; b[9]       ; flags[0]    ; 7.069 ; 7.069 ; 7.069 ; 7.069 ;
; b[9]       ; flags[1]    ; 7.954 ; 7.954 ; 7.954 ; 7.954 ;
; b[9]       ; flags[2]    ; 7.731 ; 7.731 ; 7.731 ; 7.731 ;
; b[9]       ; r[9]        ; 6.785 ; 6.785 ; 6.785 ; 6.785 ;
; b[9]       ; r[10]       ; 6.555 ; 6.555 ; 6.555 ; 6.555 ;
; b[9]       ; r[11]       ; 6.769 ; 6.769 ; 6.769 ; 6.769 ;
; b[9]       ; r[12]       ; 6.820 ; 6.820 ; 6.820 ; 6.820 ;
; b[9]       ; r[13]       ; 6.897 ; 6.897 ; 6.897 ; 6.897 ;
; b[9]       ; r[14]       ; 6.968 ; 6.968 ; 6.968 ; 6.968 ;
; b[9]       ; r[15]       ; 7.299 ; 7.299 ; 7.299 ; 7.299 ;
; b[10]      ; flags[0]    ; 7.029 ; 7.029 ; 7.029 ; 7.029 ;
; b[10]      ; flags[1]    ; 7.914 ; 7.914 ; 7.914 ; 7.914 ;
; b[10]      ; flags[2]    ; 7.691 ; 7.691 ; 7.691 ; 7.691 ;
; b[10]      ; r[10]       ; 6.410 ; 6.410 ; 6.410 ; 6.410 ;
; b[10]      ; r[11]       ; 6.729 ; 6.729 ; 6.729 ; 6.729 ;
; b[10]      ; r[12]       ; 6.780 ; 6.780 ; 6.780 ; 6.780 ;
; b[10]      ; r[13]       ; 6.857 ; 6.857 ; 6.857 ; 6.857 ;
; b[10]      ; r[14]       ; 6.928 ; 6.928 ; 6.928 ; 6.928 ;
; b[10]      ; r[15]       ; 7.259 ; 7.259 ; 7.259 ; 7.259 ;
; b[11]      ; flags[0]    ; 7.086 ; 7.086 ; 7.086 ; 7.086 ;
; b[11]      ; flags[1]    ; 7.971 ; 7.971 ; 7.971 ; 7.971 ;
; b[11]      ; flags[2]    ; 7.748 ; 7.748 ; 7.748 ; 7.748 ;
; b[11]      ; r[11]       ; 6.681 ; 6.681 ; 6.681 ; 6.681 ;
; b[11]      ; r[12]       ; 6.837 ; 6.837 ; 6.837 ; 6.837 ;
; b[11]      ; r[13]       ; 6.914 ; 6.914 ; 6.914 ; 6.914 ;
; b[11]      ; r[14]       ; 6.985 ; 6.985 ; 6.985 ; 6.985 ;
; b[11]      ; r[15]       ; 7.316 ; 7.316 ; 7.316 ; 7.316 ;
; b[12]      ; flags[0]    ; 7.054 ; 7.054 ; 7.054 ; 7.054 ;
; b[12]      ; flags[1]    ; 7.939 ; 7.939 ; 7.939 ; 7.939 ;
; b[12]      ; flags[2]    ; 7.716 ; 7.716 ; 7.716 ; 7.716 ;
; b[12]      ; r[12]       ; 6.702 ; 6.702 ; 6.702 ; 6.702 ;
; b[12]      ; r[13]       ; 6.882 ; 6.882 ; 6.882 ; 6.882 ;
; b[12]      ; r[14]       ; 6.953 ; 6.953 ; 6.953 ; 6.953 ;
; b[12]      ; r[15]       ; 7.284 ; 7.284 ; 7.284 ; 7.284 ;
; b[13]      ; flags[0]    ; 7.343 ; 7.343 ; 7.343 ; 7.343 ;
; b[13]      ; flags[1]    ; 8.228 ; 8.228 ; 8.228 ; 8.228 ;
; b[13]      ; flags[2]    ; 8.005 ; 8.005 ; 8.005 ; 8.005 ;
; b[13]      ; r[13]       ; 7.068 ; 7.068 ; 7.068 ; 7.068 ;
; b[13]      ; r[14]       ; 7.242 ; 7.242 ; 7.242 ; 7.242 ;
; b[13]      ; r[15]       ; 7.573 ; 7.573 ; 7.573 ; 7.573 ;
; b[14]      ; flags[0]    ; 7.122 ; 7.122 ; 7.122 ; 7.122 ;
; b[14]      ; flags[1]    ; 8.007 ; 8.007 ; 8.007 ; 8.007 ;
; b[14]      ; flags[2]    ; 7.784 ; 7.784 ; 7.784 ; 7.784 ;
; b[14]      ; r[14]       ; 6.921 ; 6.921 ; 6.921 ; 6.921 ;
; b[14]      ; r[15]       ; 7.352 ; 7.352 ; 7.352 ; 7.352 ;
; b[15]      ; flags[0]    ; 6.741 ; 6.741 ; 6.741 ; 6.741 ;
; b[15]      ; flags[1]    ; 7.626 ; 7.626 ; 7.626 ; 7.626 ;
; b[15]      ; flags[2]    ; 7.403 ; 7.403 ; 7.403 ; 7.403 ;
; b[15]      ; r[15]       ; 6.971 ; 6.971 ; 6.971 ; 6.971 ;
; op[0]      ; flags[0]    ; 8.413 ; 8.413 ; 8.413 ; 8.413 ;
; op[0]      ; flags[1]    ; 9.298 ; 9.298 ; 9.298 ; 9.298 ;
; op[0]      ; flags[2]    ; 9.075 ; 9.075 ; 9.075 ; 9.075 ;
; op[0]      ; r[0]        ; 7.628 ; 7.628 ; 7.628 ; 7.628 ;
; op[0]      ; r[1]        ; 7.663 ; 7.663 ; 7.663 ; 7.663 ;
; op[0]      ; r[2]        ; 7.695 ; 7.695 ; 7.695 ; 7.695 ;
; op[0]      ; r[3]        ; 7.774 ; 7.774 ; 7.774 ; 7.774 ;
; op[0]      ; r[4]        ; 8.288 ; 8.288 ; 8.288 ; 8.288 ;
; op[0]      ; r[5]        ; 7.820 ; 7.820 ; 7.820 ; 7.820 ;
; op[0]      ; r[6]        ; 7.808 ; 7.808 ; 7.808 ; 7.808 ;
; op[0]      ; r[7]        ; 8.064 ; 8.064 ; 8.064 ; 8.064 ;
; op[0]      ; r[8]        ; 8.135 ; 8.135 ; 8.135 ; 8.135 ;
; op[0]      ; r[9]        ; 8.234 ; 8.234 ; 8.234 ; 8.234 ;
; op[0]      ; r[10]       ; 7.899 ; 7.899 ; 7.899 ; 7.899 ;
; op[0]      ; r[11]       ; 8.113 ; 8.113 ; 8.113 ; 8.113 ;
; op[0]      ; r[12]       ; 8.164 ; 8.164 ; 8.164 ; 8.164 ;
; op[0]      ; r[13]       ; 8.241 ; 8.241 ; 8.241 ; 8.241 ;
; op[0]      ; r[14]       ; 8.312 ; 8.312 ; 8.312 ; 8.312 ;
; op[0]      ; r[15]       ; 8.643 ; 8.643 ; 8.643 ; 8.643 ;
; op[1]      ; flags[0]    ; 8.471 ; 8.471 ; 8.471 ; 8.471 ;
; op[1]      ; flags[1]    ; 9.356 ; 9.356 ; 9.356 ; 9.356 ;
; op[1]      ; flags[2]    ; 9.133 ; 9.133 ; 9.133 ; 9.133 ;
; op[1]      ; r[0]        ; 7.686 ; 7.686 ; 7.686 ; 7.686 ;
; op[1]      ; r[1]        ; 7.721 ; 7.721 ; 7.721 ; 7.721 ;
; op[1]      ; r[2]        ; 7.753 ; 7.753 ; 7.753 ; 7.753 ;
; op[1]      ; r[3]        ; 7.832 ; 7.832 ; 7.832 ; 7.832 ;
; op[1]      ; r[4]        ; 8.346 ; 8.346 ; 8.346 ; 8.346 ;
; op[1]      ; r[5]        ; 7.878 ; 7.878 ; 7.878 ; 7.878 ;
; op[1]      ; r[6]        ; 7.866 ; 7.866 ; 7.866 ; 7.866 ;
; op[1]      ; r[7]        ; 8.122 ; 8.122 ; 8.122 ; 8.122 ;
; op[1]      ; r[8]        ; 8.193 ; 8.193 ; 8.193 ; 8.193 ;
; op[1]      ; r[9]        ; 8.292 ; 8.292 ; 8.292 ; 8.292 ;
; op[1]      ; r[10]       ; 7.957 ; 7.957 ; 7.957 ; 7.957 ;
; op[1]      ; r[11]       ; 8.171 ; 8.171 ; 8.171 ; 8.171 ;
; op[1]      ; r[12]       ; 8.222 ; 8.222 ; 8.222 ; 8.222 ;
; op[1]      ; r[13]       ; 8.299 ; 8.299 ; 8.299 ; 8.299 ;
; op[1]      ; r[14]       ; 8.370 ; 8.370 ; 8.370 ; 8.370 ;
; op[1]      ; r[15]       ; 8.701 ; 8.701 ; 8.701 ; 8.701 ;
; op[2]      ; flags[0]    ; 8.058 ; 8.058 ; 8.058 ; 8.058 ;
; op[2]      ; flags[1]    ; 8.943 ; 8.943 ; 8.943 ; 8.943 ;
; op[2]      ; flags[2]    ; 8.720 ; 8.720 ; 8.720 ; 8.720 ;
; op[2]      ; r[0]        ; 7.273 ; 7.273 ; 7.273 ; 7.273 ;
; op[2]      ; r[1]        ; 7.308 ; 7.308 ; 7.308 ; 7.308 ;
; op[2]      ; r[2]        ; 7.340 ; 7.340 ; 7.340 ; 7.340 ;
; op[2]      ; r[3]        ; 7.419 ; 7.419 ; 7.419 ; 7.419 ;
; op[2]      ; r[4]        ; 7.933 ; 7.933 ; 7.933 ; 7.933 ;
; op[2]      ; r[5]        ; 7.465 ; 7.465 ; 7.465 ; 7.465 ;
; op[2]      ; r[6]        ; 7.453 ; 7.453 ; 7.453 ; 7.453 ;
; op[2]      ; r[7]        ; 7.709 ; 7.709 ; 7.709 ; 7.709 ;
; op[2]      ; r[8]        ; 7.780 ; 7.780 ; 7.780 ; 7.780 ;
; op[2]      ; r[9]        ; 7.879 ; 7.879 ; 7.879 ; 7.879 ;
; op[2]      ; r[10]       ; 7.544 ; 7.544 ; 7.544 ; 7.544 ;
; op[2]      ; r[11]       ; 7.758 ; 7.758 ; 7.758 ; 7.758 ;
; op[2]      ; r[12]       ; 7.809 ; 7.809 ; 7.809 ; 7.809 ;
; op[2]      ; r[13]       ; 7.886 ; 7.886 ; 7.886 ; 7.886 ;
; op[2]      ; r[14]       ; 7.957 ; 7.957 ; 7.957 ; 7.957 ;
; op[2]      ; r[15]       ; 8.288 ; 8.288 ; 8.288 ; 8.288 ;
; op[3]      ; flags[0]    ; 8.544 ; 8.544 ; 8.544 ; 8.544 ;
; op[3]      ; flags[1]    ; 9.429 ; 9.429 ; 9.429 ; 9.429 ;
; op[3]      ; flags[2]    ; 9.206 ; 9.206 ; 9.206 ; 9.206 ;
; op[3]      ; r[0]        ; 7.759 ; 7.759 ; 7.759 ; 7.759 ;
; op[3]      ; r[1]        ; 7.794 ; 7.794 ; 7.794 ; 7.794 ;
; op[3]      ; r[2]        ; 7.826 ; 7.826 ; 7.826 ; 7.826 ;
; op[3]      ; r[3]        ; 7.905 ; 7.905 ; 7.905 ; 7.905 ;
; op[3]      ; r[4]        ; 8.419 ; 8.419 ; 8.419 ; 8.419 ;
; op[3]      ; r[5]        ; 7.951 ; 7.951 ; 7.951 ; 7.951 ;
; op[3]      ; r[6]        ; 7.939 ; 7.939 ; 7.939 ; 7.939 ;
; op[3]      ; r[7]        ; 8.195 ; 8.195 ; 8.195 ; 8.195 ;
; op[3]      ; r[8]        ; 8.266 ; 8.266 ; 8.266 ; 8.266 ;
; op[3]      ; r[9]        ; 8.365 ; 8.365 ; 8.365 ; 8.365 ;
; op[3]      ; r[10]       ; 8.030 ; 8.030 ; 8.030 ; 8.030 ;
; op[3]      ; r[11]       ; 8.244 ; 8.244 ; 8.244 ; 8.244 ;
; op[3]      ; r[12]       ; 8.295 ; 8.295 ; 8.295 ; 8.295 ;
; op[3]      ; r[13]       ; 8.372 ; 8.372 ; 8.372 ; 8.372 ;
; op[3]      ; r[14]       ; 8.443 ; 8.443 ; 8.443 ; 8.443 ;
; op[3]      ; r[15]       ; 8.774 ; 8.774 ; 8.774 ; 8.774 ;
+------------+-------------+-------+-------+-------+-------+


+----------------------------------------------------------+
; Minimum Propagation Delay                                ;
+------------+-------------+-------+-------+-------+-------+
; Input Port ; Output Port ; RR    ; RF    ; FR    ; FF    ;
+------------+-------------+-------+-------+-------+-------+
; a[0]       ; flags[0]    ; 7.509 ; 7.509 ; 7.509 ; 7.509 ;
; a[0]       ; flags[1]    ; 7.627 ; 7.627 ; 7.627 ; 7.627 ;
; a[0]       ; flags[2]    ; 7.425 ; 7.425 ; 7.425 ; 7.425 ;
; a[0]       ; r[0]        ; 6.724 ; 6.724 ; 6.724 ; 6.724 ;
; a[0]       ; r[1]        ; 6.759 ; 6.759 ; 6.759 ; 6.759 ;
; a[0]       ; r[2]        ; 6.791 ; 6.791 ; 6.791 ; 6.791 ;
; a[0]       ; r[3]        ; 6.870 ; 6.870 ; 6.870 ; 6.870 ;
; a[0]       ; r[4]        ; 7.384 ; 7.384 ; 7.384 ; 7.384 ;
; a[0]       ; r[5]        ; 6.916 ; 6.916 ; 6.916 ; 6.916 ;
; a[0]       ; r[6]        ; 6.904 ; 6.904 ; 6.904 ; 6.904 ;
; a[0]       ; r[7]        ; 7.160 ; 7.160 ; 7.160 ; 7.160 ;
; a[0]       ; r[8]        ; 7.231 ; 7.231 ; 7.231 ; 7.231 ;
; a[0]       ; r[9]        ; 7.330 ; 7.330 ; 7.330 ; 7.330 ;
; a[0]       ; r[10]       ; 6.995 ; 6.995 ; 6.995 ; 6.995 ;
; a[0]       ; r[11]       ; 7.209 ; 7.209 ; 7.209 ; 7.209 ;
; a[0]       ; r[12]       ; 7.260 ; 7.260 ; 7.260 ; 7.260 ;
; a[0]       ; r[13]       ; 7.337 ; 7.337 ; 7.337 ; 7.337 ;
; a[0]       ; r[14]       ; 7.408 ; 7.408 ; 7.408 ; 7.408 ;
; a[0]       ; r[15]       ; 7.739 ; 7.739 ; 7.739 ; 7.739 ;
; a[1]       ; flags[0]    ; 7.485 ; 7.485 ; 7.485 ; 7.485 ;
; a[1]       ; flags[1]    ; 7.630 ; 7.630 ; 7.630 ; 7.630 ;
; a[1]       ; flags[2]    ; 7.428 ; 7.428 ; 7.428 ; 7.428 ;
; a[1]       ; r[1]        ; 6.632 ; 6.632 ; 6.632 ; 6.632 ;
; a[1]       ; r[2]        ; 6.767 ; 6.767 ; 6.767 ; 6.767 ;
; a[1]       ; r[3]        ; 6.846 ; 6.846 ; 6.846 ; 6.846 ;
; a[1]       ; r[4]        ; 7.360 ; 7.360 ; 7.360 ; 7.360 ;
; a[1]       ; r[5]        ; 6.892 ; 6.892 ; 6.892 ; 6.892 ;
; a[1]       ; r[6]        ; 6.880 ; 6.880 ; 6.880 ; 6.880 ;
; a[1]       ; r[7]        ; 7.136 ; 7.136 ; 7.136 ; 7.136 ;
; a[1]       ; r[8]        ; 7.207 ; 7.207 ; 7.207 ; 7.207 ;
; a[1]       ; r[9]        ; 7.306 ; 7.306 ; 7.306 ; 7.306 ;
; a[1]       ; r[10]       ; 6.971 ; 6.971 ; 6.971 ; 6.971 ;
; a[1]       ; r[11]       ; 7.185 ; 7.185 ; 7.185 ; 7.185 ;
; a[1]       ; r[12]       ; 7.236 ; 7.236 ; 7.236 ; 7.236 ;
; a[1]       ; r[13]       ; 7.313 ; 7.313 ; 7.313 ; 7.313 ;
; a[1]       ; r[14]       ; 7.384 ; 7.384 ; 7.384 ; 7.384 ;
; a[1]       ; r[15]       ; 7.715 ; 7.715 ; 7.715 ; 7.715 ;
; a[2]       ; flags[0]    ; 7.180 ; 7.180 ; 7.180 ; 7.180 ;
; a[2]       ; flags[1]    ; 7.325 ; 7.325 ; 7.325 ; 7.325 ;
; a[2]       ; flags[2]    ; 7.123 ; 7.123 ; 7.123 ; 7.123 ;
; a[2]       ; r[2]        ; 6.359 ; 6.359 ; 6.359 ; 6.359 ;
; a[2]       ; r[3]        ; 6.541 ; 6.541 ; 6.541 ; 6.541 ;
; a[2]       ; r[4]        ; 7.055 ; 7.055 ; 7.055 ; 7.055 ;
; a[2]       ; r[5]        ; 6.587 ; 6.587 ; 6.587 ; 6.587 ;
; a[2]       ; r[6]        ; 6.575 ; 6.575 ; 6.575 ; 6.575 ;
; a[2]       ; r[7]        ; 6.831 ; 6.831 ; 6.831 ; 6.831 ;
; a[2]       ; r[8]        ; 6.902 ; 6.902 ; 6.902 ; 6.902 ;
; a[2]       ; r[9]        ; 7.001 ; 7.001 ; 7.001 ; 7.001 ;
; a[2]       ; r[10]       ; 6.666 ; 6.666 ; 6.666 ; 6.666 ;
; a[2]       ; r[11]       ; 6.880 ; 6.880 ; 6.880 ; 6.880 ;
; a[2]       ; r[12]       ; 6.931 ; 6.931 ; 6.931 ; 6.931 ;
; a[2]       ; r[13]       ; 7.008 ; 7.008 ; 7.008 ; 7.008 ;
; a[2]       ; r[14]       ; 7.079 ; 7.079 ; 7.079 ; 7.079 ;
; a[2]       ; r[15]       ; 7.410 ; 7.410 ; 7.410 ; 7.410 ;
; a[3]       ; flags[0]    ; 7.270 ; 7.270 ; 7.270 ; 7.270 ;
; a[3]       ; flags[1]    ; 7.415 ; 7.415 ; 7.415 ; 7.415 ;
; a[3]       ; flags[2]    ; 7.213 ; 7.213 ; 7.213 ; 7.213 ;
; a[3]       ; r[3]        ; 6.528 ; 6.528 ; 6.528 ; 6.528 ;
; a[3]       ; r[4]        ; 7.145 ; 7.145 ; 7.145 ; 7.145 ;
; a[3]       ; r[5]        ; 6.677 ; 6.677 ; 6.677 ; 6.677 ;
; a[3]       ; r[6]        ; 6.665 ; 6.665 ; 6.665 ; 6.665 ;
; a[3]       ; r[7]        ; 6.921 ; 6.921 ; 6.921 ; 6.921 ;
; a[3]       ; r[8]        ; 6.992 ; 6.992 ; 6.992 ; 6.992 ;
; a[3]       ; r[9]        ; 7.091 ; 7.091 ; 7.091 ; 7.091 ;
; a[3]       ; r[10]       ; 6.756 ; 6.756 ; 6.756 ; 6.756 ;
; a[3]       ; r[11]       ; 6.970 ; 6.970 ; 6.970 ; 6.970 ;
; a[3]       ; r[12]       ; 7.021 ; 7.021 ; 7.021 ; 7.021 ;
; a[3]       ; r[13]       ; 7.098 ; 7.098 ; 7.098 ; 7.098 ;
; a[3]       ; r[14]       ; 7.169 ; 7.169 ; 7.169 ; 7.169 ;
; a[3]       ; r[15]       ; 7.500 ; 7.500 ; 7.500 ; 7.500 ;
; a[4]       ; flags[0]    ; 7.107 ; 7.107 ; 7.107 ; 7.107 ;
; a[4]       ; flags[1]    ; 7.252 ; 7.252 ; 7.252 ; 7.252 ;
; a[4]       ; flags[2]    ; 7.050 ; 7.050 ; 7.050 ; 7.050 ;
; a[4]       ; r[4]        ; 6.879 ; 6.879 ; 6.879 ; 6.879 ;
; a[4]       ; r[5]        ; 6.514 ; 6.514 ; 6.514 ; 6.514 ;
; a[4]       ; r[6]        ; 6.502 ; 6.502 ; 6.502 ; 6.502 ;
; a[4]       ; r[7]        ; 6.758 ; 6.758 ; 6.758 ; 6.758 ;
; a[4]       ; r[8]        ; 6.829 ; 6.829 ; 6.829 ; 6.829 ;
; a[4]       ; r[9]        ; 6.928 ; 6.928 ; 6.928 ; 6.928 ;
; a[4]       ; r[10]       ; 6.593 ; 6.593 ; 6.593 ; 6.593 ;
; a[4]       ; r[11]       ; 6.807 ; 6.807 ; 6.807 ; 6.807 ;
; a[4]       ; r[12]       ; 6.858 ; 6.858 ; 6.858 ; 6.858 ;
; a[4]       ; r[13]       ; 6.935 ; 6.935 ; 6.935 ; 6.935 ;
; a[4]       ; r[14]       ; 7.006 ; 7.006 ; 7.006 ; 7.006 ;
; a[4]       ; r[15]       ; 7.337 ; 7.337 ; 7.337 ; 7.337 ;
; a[5]       ; flags[0]    ; 7.194 ; 7.194 ; 7.194 ; 7.194 ;
; a[5]       ; flags[1]    ; 7.339 ; 7.339 ; 7.339 ; 7.339 ;
; a[5]       ; flags[2]    ; 7.137 ; 7.137 ; 7.137 ; 7.137 ;
; a[5]       ; r[5]        ; 6.498 ; 6.498 ; 6.498 ; 6.498 ;
; a[5]       ; r[6]        ; 6.589 ; 6.589 ; 6.589 ; 6.589 ;
; a[5]       ; r[7]        ; 6.845 ; 6.845 ; 6.845 ; 6.845 ;
; a[5]       ; r[8]        ; 6.916 ; 6.916 ; 6.916 ; 6.916 ;
; a[5]       ; r[9]        ; 7.015 ; 7.015 ; 7.015 ; 7.015 ;
; a[5]       ; r[10]       ; 6.680 ; 6.680 ; 6.680 ; 6.680 ;
; a[5]       ; r[11]       ; 6.894 ; 6.894 ; 6.894 ; 6.894 ;
; a[5]       ; r[12]       ; 6.945 ; 6.945 ; 6.945 ; 6.945 ;
; a[5]       ; r[13]       ; 7.022 ; 7.022 ; 7.022 ; 7.022 ;
; a[5]       ; r[14]       ; 7.093 ; 7.093 ; 7.093 ; 7.093 ;
; a[5]       ; r[15]       ; 7.424 ; 7.424 ; 7.424 ; 7.424 ;
; a[6]       ; flags[0]    ; 7.110 ; 7.110 ; 7.110 ; 7.110 ;
; a[6]       ; flags[1]    ; 7.157 ; 7.157 ; 7.157 ; 7.157 ;
; a[6]       ; flags[2]    ; 6.955 ; 6.955 ; 6.955 ; 6.955 ;
; a[6]       ; r[6]        ; 6.407 ; 6.407 ; 6.407 ; 6.407 ;
; a[6]       ; r[7]        ; 6.761 ; 6.761 ; 6.761 ; 6.761 ;
; a[6]       ; r[8]        ; 6.832 ; 6.832 ; 6.832 ; 6.832 ;
; a[6]       ; r[9]        ; 6.931 ; 6.931 ; 6.931 ; 6.931 ;
; a[6]       ; r[10]       ; 6.596 ; 6.596 ; 6.596 ; 6.596 ;
; a[6]       ; r[11]       ; 6.810 ; 6.810 ; 6.810 ; 6.810 ;
; a[6]       ; r[12]       ; 6.861 ; 6.861 ; 6.861 ; 6.861 ;
; a[6]       ; r[13]       ; 6.938 ; 6.938 ; 6.938 ; 6.938 ;
; a[6]       ; r[14]       ; 7.009 ; 7.009 ; 7.009 ; 7.009 ;
; a[6]       ; r[15]       ; 7.340 ; 7.340 ; 7.340 ; 7.340 ;
; a[7]       ; flags[0]    ; 7.400 ; 7.400 ; 7.400 ; 7.400 ;
; a[7]       ; flags[1]    ; 7.581 ; 7.581 ; 7.581 ; 7.581 ;
; a[7]       ; flags[2]    ; 7.359 ; 7.359 ; 7.359 ; 7.359 ;
; a[7]       ; r[7]        ; 6.946 ; 6.946 ; 6.946 ; 6.946 ;
; a[7]       ; r[8]        ; 7.122 ; 7.122 ; 7.122 ; 7.122 ;
; a[7]       ; r[9]        ; 7.221 ; 7.221 ; 7.221 ; 7.221 ;
; a[7]       ; r[10]       ; 6.886 ; 6.886 ; 6.886 ; 6.886 ;
; a[7]       ; r[11]       ; 7.100 ; 7.100 ; 7.100 ; 7.100 ;
; a[7]       ; r[12]       ; 7.151 ; 7.151 ; 7.151 ; 7.151 ;
; a[7]       ; r[13]       ; 7.228 ; 7.228 ; 7.228 ; 7.228 ;
; a[7]       ; r[14]       ; 7.299 ; 7.299 ; 7.299 ; 7.299 ;
; a[7]       ; r[15]       ; 7.630 ; 7.630 ; 7.630 ; 7.630 ;
; a[8]       ; flags[0]    ; 6.908 ; 6.908 ; 6.908 ; 6.908 ;
; a[8]       ; flags[1]    ; 6.984 ; 6.984 ; 6.984 ; 6.984 ;
; a[8]       ; flags[2]    ; 6.762 ; 6.762 ; 6.762 ; 6.762 ;
; a[8]       ; r[8]        ; 6.525 ; 6.525 ; 6.525 ; 6.525 ;
; a[8]       ; r[9]        ; 6.729 ; 6.729 ; 6.729 ; 6.729 ;
; a[8]       ; r[10]       ; 6.394 ; 6.394 ; 6.394 ; 6.394 ;
; a[8]       ; r[11]       ; 6.608 ; 6.608 ; 6.608 ; 6.608 ;
; a[8]       ; r[12]       ; 6.659 ; 6.659 ; 6.659 ; 6.659 ;
; a[8]       ; r[13]       ; 6.736 ; 6.736 ; 6.736 ; 6.736 ;
; a[8]       ; r[14]       ; 6.807 ; 6.807 ; 6.807 ; 6.807 ;
; a[8]       ; r[15]       ; 7.138 ; 7.138 ; 7.138 ; 7.138 ;
; a[9]       ; flags[0]    ; 6.820 ; 6.820 ; 6.820 ; 6.820 ;
; a[9]       ; flags[1]    ; 6.984 ; 6.984 ; 6.984 ; 6.984 ;
; a[9]       ; flags[2]    ; 6.762 ; 6.762 ; 6.762 ; 6.762 ;
; a[9]       ; r[9]        ; 6.536 ; 6.536 ; 6.536 ; 6.536 ;
; a[9]       ; r[10]       ; 6.306 ; 6.306 ; 6.306 ; 6.306 ;
; a[9]       ; r[11]       ; 6.520 ; 6.520 ; 6.520 ; 6.520 ;
; a[9]       ; r[12]       ; 6.571 ; 6.571 ; 6.571 ; 6.571 ;
; a[9]       ; r[13]       ; 6.648 ; 6.648 ; 6.648 ; 6.648 ;
; a[9]       ; r[14]       ; 6.719 ; 6.719 ; 6.719 ; 6.719 ;
; a[9]       ; r[15]       ; 7.050 ; 7.050 ; 7.050 ; 7.050 ;
; a[10]      ; flags[0]    ; 6.973 ; 6.973 ; 6.973 ; 6.973 ;
; a[10]      ; flags[1]    ; 7.255 ; 7.255 ; 7.255 ; 7.255 ;
; a[10]      ; flags[2]    ; 7.033 ; 7.033 ; 7.033 ; 7.033 ;
; a[10]      ; r[10]       ; 6.354 ; 6.354 ; 6.354 ; 6.354 ;
; a[10]      ; r[11]       ; 6.673 ; 6.673 ; 6.673 ; 6.673 ;
; a[10]      ; r[12]       ; 6.724 ; 6.724 ; 6.724 ; 6.724 ;
; a[10]      ; r[13]       ; 6.801 ; 6.801 ; 6.801 ; 6.801 ;
; a[10]      ; r[14]       ; 6.872 ; 6.872 ; 6.872 ; 6.872 ;
; a[10]      ; r[15]       ; 7.203 ; 7.203 ; 7.203 ; 7.203 ;
; a[11]      ; flags[0]    ; 7.041 ; 7.041 ; 7.041 ; 7.041 ;
; a[11]      ; flags[1]    ; 7.344 ; 7.344 ; 7.344 ; 7.344 ;
; a[11]      ; flags[2]    ; 7.122 ; 7.122 ; 7.122 ; 7.122 ;
; a[11]      ; r[11]       ; 6.636 ; 6.636 ; 6.636 ; 6.636 ;
; a[11]      ; r[12]       ; 6.792 ; 6.792 ; 6.792 ; 6.792 ;
; a[11]      ; r[13]       ; 6.869 ; 6.869 ; 6.869 ; 6.869 ;
; a[11]      ; r[14]       ; 6.940 ; 6.940 ; 6.940 ; 6.940 ;
; a[11]      ; r[15]       ; 7.271 ; 7.271 ; 7.271 ; 7.271 ;
; a[12]      ; flags[0]    ; 6.569 ; 6.569 ; 6.569 ; 6.569 ;
; a[12]      ; flags[1]    ; 6.795 ; 6.795 ; 6.795 ; 6.795 ;
; a[12]      ; flags[2]    ; 6.573 ; 6.573 ; 6.573 ; 6.573 ;
; a[12]      ; r[12]       ; 6.217 ; 6.217 ; 6.217 ; 6.217 ;
; a[12]      ; r[13]       ; 6.397 ; 6.397 ; 6.397 ; 6.397 ;
; a[12]      ; r[14]       ; 6.468 ; 6.468 ; 6.468 ; 6.468 ;
; a[12]      ; r[15]       ; 6.799 ; 6.799 ; 6.799 ; 6.799 ;
; a[13]      ; flags[0]    ; 6.743 ; 6.743 ; 6.743 ; 6.743 ;
; a[13]      ; flags[1]    ; 7.139 ; 7.139 ; 7.139 ; 7.139 ;
; a[13]      ; flags[2]    ; 6.917 ; 6.917 ; 6.917 ; 6.917 ;
; a[13]      ; r[13]       ; 6.468 ; 6.468 ; 6.468 ; 6.468 ;
; a[13]      ; r[14]       ; 6.642 ; 6.642 ; 6.642 ; 6.642 ;
; a[13]      ; r[15]       ; 6.973 ; 6.973 ; 6.973 ; 6.973 ;
; a[14]      ; flags[0]    ; 6.959 ; 6.959 ; 6.959 ; 6.959 ;
; a[14]      ; flags[1]    ; 7.310 ; 7.310 ; 7.310 ; 7.310 ;
; a[14]      ; flags[2]    ; 7.088 ; 7.088 ; 7.088 ; 7.088 ;
; a[14]      ; r[14]       ; 6.758 ; 6.758 ; 6.758 ; 6.758 ;
; a[14]      ; r[15]       ; 7.189 ; 7.189 ; 7.189 ; 7.189 ;
; a[15]      ; flags[0]    ; 6.171 ; 6.171 ; 6.171 ; 6.171 ;
; a[15]      ; flags[1]    ; 7.056 ; 7.056 ; 7.056 ; 7.056 ;
; a[15]      ; flags[2]    ; 6.833 ; 6.833 ; 6.833 ; 6.833 ;
; a[15]      ; r[15]       ; 6.401 ; 6.401 ; 6.401 ; 6.401 ;
; b[0]       ; flags[0]    ; 7.538 ; 7.538 ; 7.538 ; 7.538 ;
; b[0]       ; flags[1]    ; 7.656 ; 7.656 ; 7.656 ; 7.656 ;
; b[0]       ; flags[2]    ; 7.454 ; 7.454 ; 7.454 ; 7.454 ;
; b[0]       ; r[0]        ; 6.753 ; 6.753 ; 6.753 ; 6.753 ;
; b[0]       ; r[1]        ; 6.788 ; 6.788 ; 6.788 ; 6.788 ;
; b[0]       ; r[2]        ; 6.820 ; 6.820 ; 6.820 ; 6.820 ;
; b[0]       ; r[3]        ; 6.899 ; 6.899 ; 6.899 ; 6.899 ;
; b[0]       ; r[4]        ; 7.413 ; 7.413 ; 7.413 ; 7.413 ;
; b[0]       ; r[5]        ; 6.945 ; 6.945 ; 6.945 ; 6.945 ;
; b[0]       ; r[6]        ; 6.933 ; 6.933 ; 6.933 ; 6.933 ;
; b[0]       ; r[7]        ; 7.189 ; 7.189 ; 7.189 ; 7.189 ;
; b[0]       ; r[8]        ; 7.260 ; 7.260 ; 7.260 ; 7.260 ;
; b[0]       ; r[9]        ; 7.359 ; 7.359 ; 7.359 ; 7.359 ;
; b[0]       ; r[10]       ; 7.024 ; 7.024 ; 7.024 ; 7.024 ;
; b[0]       ; r[11]       ; 7.238 ; 7.238 ; 7.238 ; 7.238 ;
; b[0]       ; r[12]       ; 7.289 ; 7.289 ; 7.289 ; 7.289 ;
; b[0]       ; r[13]       ; 7.366 ; 7.366 ; 7.366 ; 7.366 ;
; b[0]       ; r[14]       ; 7.437 ; 7.437 ; 7.437 ; 7.437 ;
; b[0]       ; r[15]       ; 7.768 ; 7.768 ; 7.768 ; 7.768 ;
; b[1]       ; flags[0]    ; 7.409 ; 7.409 ; 7.409 ; 7.409 ;
; b[1]       ; flags[1]    ; 7.554 ; 7.554 ; 7.554 ; 7.554 ;
; b[1]       ; flags[2]    ; 7.352 ; 7.352 ; 7.352 ; 7.352 ;
; b[1]       ; r[1]        ; 6.556 ; 6.556 ; 6.556 ; 6.556 ;
; b[1]       ; r[2]        ; 6.691 ; 6.691 ; 6.691 ; 6.691 ;
; b[1]       ; r[3]        ; 6.770 ; 6.770 ; 6.770 ; 6.770 ;
; b[1]       ; r[4]        ; 7.284 ; 7.284 ; 7.284 ; 7.284 ;
; b[1]       ; r[5]        ; 6.816 ; 6.816 ; 6.816 ; 6.816 ;
; b[1]       ; r[6]        ; 6.804 ; 6.804 ; 6.804 ; 6.804 ;
; b[1]       ; r[7]        ; 7.060 ; 7.060 ; 7.060 ; 7.060 ;
; b[1]       ; r[8]        ; 7.131 ; 7.131 ; 7.131 ; 7.131 ;
; b[1]       ; r[9]        ; 7.230 ; 7.230 ; 7.230 ; 7.230 ;
; b[1]       ; r[10]       ; 6.895 ; 6.895 ; 6.895 ; 6.895 ;
; b[1]       ; r[11]       ; 7.109 ; 7.109 ; 7.109 ; 7.109 ;
; b[1]       ; r[12]       ; 7.160 ; 7.160 ; 7.160 ; 7.160 ;
; b[1]       ; r[13]       ; 7.237 ; 7.237 ; 7.237 ; 7.237 ;
; b[1]       ; r[14]       ; 7.308 ; 7.308 ; 7.308 ; 7.308 ;
; b[1]       ; r[15]       ; 7.639 ; 7.639 ; 7.639 ; 7.639 ;
; b[2]       ; flags[0]    ; 7.298 ; 7.298 ; 7.298 ; 7.298 ;
; b[2]       ; flags[1]    ; 7.443 ; 7.443 ; 7.443 ; 7.443 ;
; b[2]       ; flags[2]    ; 7.241 ; 7.241 ; 7.241 ; 7.241 ;
; b[2]       ; r[2]        ; 6.477 ; 6.477 ; 6.477 ; 6.477 ;
; b[2]       ; r[3]        ; 6.659 ; 6.659 ; 6.659 ; 6.659 ;
; b[2]       ; r[4]        ; 7.173 ; 7.173 ; 7.173 ; 7.173 ;
; b[2]       ; r[5]        ; 6.705 ; 6.705 ; 6.705 ; 6.705 ;
; b[2]       ; r[6]        ; 6.693 ; 6.693 ; 6.693 ; 6.693 ;
; b[2]       ; r[7]        ; 6.949 ; 6.949 ; 6.949 ; 6.949 ;
; b[2]       ; r[8]        ; 7.020 ; 7.020 ; 7.020 ; 7.020 ;
; b[2]       ; r[9]        ; 7.119 ; 7.119 ; 7.119 ; 7.119 ;
; b[2]       ; r[10]       ; 6.784 ; 6.784 ; 6.784 ; 6.784 ;
; b[2]       ; r[11]       ; 6.998 ; 6.998 ; 6.998 ; 6.998 ;
; b[2]       ; r[12]       ; 7.049 ; 7.049 ; 7.049 ; 7.049 ;
; b[2]       ; r[13]       ; 7.126 ; 7.126 ; 7.126 ; 7.126 ;
; b[2]       ; r[14]       ; 7.197 ; 7.197 ; 7.197 ; 7.197 ;
; b[2]       ; r[15]       ; 7.528 ; 7.528 ; 7.528 ; 7.528 ;
; b[3]       ; flags[0]    ; 7.406 ; 7.406 ; 7.406 ; 7.406 ;
; b[3]       ; flags[1]    ; 7.551 ; 7.551 ; 7.551 ; 7.551 ;
; b[3]       ; flags[2]    ; 7.349 ; 7.349 ; 7.349 ; 7.349 ;
; b[3]       ; r[3]        ; 6.664 ; 6.664 ; 6.664 ; 6.664 ;
; b[3]       ; r[4]        ; 7.281 ; 7.281 ; 7.281 ; 7.281 ;
; b[3]       ; r[5]        ; 6.813 ; 6.813 ; 6.813 ; 6.813 ;
; b[3]       ; r[6]        ; 6.801 ; 6.801 ; 6.801 ; 6.801 ;
; b[3]       ; r[7]        ; 7.057 ; 7.057 ; 7.057 ; 7.057 ;
; b[3]       ; r[8]        ; 7.128 ; 7.128 ; 7.128 ; 7.128 ;
; b[3]       ; r[9]        ; 7.227 ; 7.227 ; 7.227 ; 7.227 ;
; b[3]       ; r[10]       ; 6.892 ; 6.892 ; 6.892 ; 6.892 ;
; b[3]       ; r[11]       ; 7.106 ; 7.106 ; 7.106 ; 7.106 ;
; b[3]       ; r[12]       ; 7.157 ; 7.157 ; 7.157 ; 7.157 ;
; b[3]       ; r[13]       ; 7.234 ; 7.234 ; 7.234 ; 7.234 ;
; b[3]       ; r[14]       ; 7.305 ; 7.305 ; 7.305 ; 7.305 ;
; b[3]       ; r[15]       ; 7.636 ; 7.636 ; 7.636 ; 7.636 ;
; b[4]       ; flags[0]    ; 7.516 ; 7.516 ; 7.516 ; 7.516 ;
; b[4]       ; flags[1]    ; 7.661 ; 7.661 ; 7.661 ; 7.661 ;
; b[4]       ; flags[2]    ; 7.459 ; 7.459 ; 7.459 ; 7.459 ;
; b[4]       ; r[4]        ; 7.288 ; 7.288 ; 7.288 ; 7.288 ;
; b[4]       ; r[5]        ; 6.923 ; 6.923 ; 6.923 ; 6.923 ;
; b[4]       ; r[6]        ; 6.911 ; 6.911 ; 6.911 ; 6.911 ;
; b[4]       ; r[7]        ; 7.167 ; 7.167 ; 7.167 ; 7.167 ;
; b[4]       ; r[8]        ; 7.238 ; 7.238 ; 7.238 ; 7.238 ;
; b[4]       ; r[9]        ; 7.337 ; 7.337 ; 7.337 ; 7.337 ;
; b[4]       ; r[10]       ; 7.002 ; 7.002 ; 7.002 ; 7.002 ;
; b[4]       ; r[11]       ; 7.216 ; 7.216 ; 7.216 ; 7.216 ;
; b[4]       ; r[12]       ; 7.267 ; 7.267 ; 7.267 ; 7.267 ;
; b[4]       ; r[13]       ; 7.344 ; 7.344 ; 7.344 ; 7.344 ;
; b[4]       ; r[14]       ; 7.415 ; 7.415 ; 7.415 ; 7.415 ;
; b[4]       ; r[15]       ; 7.746 ; 7.746 ; 7.746 ; 7.746 ;
; b[5]       ; flags[0]    ; 7.152 ; 7.152 ; 7.152 ; 7.152 ;
; b[5]       ; flags[1]    ; 7.297 ; 7.297 ; 7.297 ; 7.297 ;
; b[5]       ; flags[2]    ; 7.095 ; 7.095 ; 7.095 ; 7.095 ;
; b[5]       ; r[5]        ; 6.456 ; 6.456 ; 6.456 ; 6.456 ;
; b[5]       ; r[6]        ; 6.547 ; 6.547 ; 6.547 ; 6.547 ;
; b[5]       ; r[7]        ; 6.803 ; 6.803 ; 6.803 ; 6.803 ;
; b[5]       ; r[8]        ; 6.874 ; 6.874 ; 6.874 ; 6.874 ;
; b[5]       ; r[9]        ; 6.973 ; 6.973 ; 6.973 ; 6.973 ;
; b[5]       ; r[10]       ; 6.638 ; 6.638 ; 6.638 ; 6.638 ;
; b[5]       ; r[11]       ; 6.852 ; 6.852 ; 6.852 ; 6.852 ;
; b[5]       ; r[12]       ; 6.903 ; 6.903 ; 6.903 ; 6.903 ;
; b[5]       ; r[13]       ; 6.980 ; 6.980 ; 6.980 ; 6.980 ;
; b[5]       ; r[14]       ; 7.051 ; 7.051 ; 7.051 ; 7.051 ;
; b[5]       ; r[15]       ; 7.382 ; 7.382 ; 7.382 ; 7.382 ;
; b[6]       ; flags[0]    ; 7.354 ; 7.354 ; 7.354 ; 7.354 ;
; b[6]       ; flags[1]    ; 7.401 ; 7.401 ; 7.401 ; 7.401 ;
; b[6]       ; flags[2]    ; 7.199 ; 7.199 ; 7.199 ; 7.199 ;
; b[6]       ; r[6]        ; 6.651 ; 6.651 ; 6.651 ; 6.651 ;
; b[6]       ; r[7]        ; 7.005 ; 7.005 ; 7.005 ; 7.005 ;
; b[6]       ; r[8]        ; 7.076 ; 7.076 ; 7.076 ; 7.076 ;
; b[6]       ; r[9]        ; 7.175 ; 7.175 ; 7.175 ; 7.175 ;
; b[6]       ; r[10]       ; 6.840 ; 6.840 ; 6.840 ; 6.840 ;
; b[6]       ; r[11]       ; 7.054 ; 7.054 ; 7.054 ; 7.054 ;
; b[6]       ; r[12]       ; 7.105 ; 7.105 ; 7.105 ; 7.105 ;
; b[6]       ; r[13]       ; 7.182 ; 7.182 ; 7.182 ; 7.182 ;
; b[6]       ; r[14]       ; 7.253 ; 7.253 ; 7.253 ; 7.253 ;
; b[6]       ; r[15]       ; 7.584 ; 7.584 ; 7.584 ; 7.584 ;
; b[7]       ; flags[0]    ; 7.188 ; 7.188 ; 7.188 ; 7.188 ;
; b[7]       ; flags[1]    ; 7.369 ; 7.369 ; 7.369 ; 7.369 ;
; b[7]       ; flags[2]    ; 7.147 ; 7.147 ; 7.147 ; 7.147 ;
; b[7]       ; r[7]        ; 6.736 ; 6.736 ; 6.736 ; 6.736 ;
; b[7]       ; r[8]        ; 6.910 ; 6.910 ; 6.910 ; 6.910 ;
; b[7]       ; r[9]        ; 7.009 ; 7.009 ; 7.009 ; 7.009 ;
; b[7]       ; r[10]       ; 6.674 ; 6.674 ; 6.674 ; 6.674 ;
; b[7]       ; r[11]       ; 6.888 ; 6.888 ; 6.888 ; 6.888 ;
; b[7]       ; r[12]       ; 6.939 ; 6.939 ; 6.939 ; 6.939 ;
; b[7]       ; r[13]       ; 7.016 ; 7.016 ; 7.016 ; 7.016 ;
; b[7]       ; r[14]       ; 7.087 ; 7.087 ; 7.087 ; 7.087 ;
; b[7]       ; r[15]       ; 7.418 ; 7.418 ; 7.418 ; 7.418 ;
; b[8]       ; flags[0]    ; 7.063 ; 7.063 ; 7.063 ; 7.063 ;
; b[8]       ; flags[1]    ; 7.141 ; 7.141 ; 7.141 ; 7.141 ;
; b[8]       ; flags[2]    ; 6.919 ; 6.919 ; 6.919 ; 6.919 ;
; b[8]       ; r[8]        ; 6.682 ; 6.682 ; 6.682 ; 6.682 ;
; b[8]       ; r[9]        ; 6.884 ; 6.884 ; 6.884 ; 6.884 ;
; b[8]       ; r[10]       ; 6.549 ; 6.549 ; 6.549 ; 6.549 ;
; b[8]       ; r[11]       ; 6.763 ; 6.763 ; 6.763 ; 6.763 ;
; b[8]       ; r[12]       ; 6.814 ; 6.814 ; 6.814 ; 6.814 ;
; b[8]       ; r[13]       ; 6.891 ; 6.891 ; 6.891 ; 6.891 ;
; b[8]       ; r[14]       ; 6.962 ; 6.962 ; 6.962 ; 6.962 ;
; b[8]       ; r[15]       ; 7.293 ; 7.293 ; 7.293 ; 7.293 ;
; b[9]       ; flags[0]    ; 6.931 ; 6.931 ; 6.931 ; 6.931 ;
; b[9]       ; flags[1]    ; 7.097 ; 7.097 ; 7.097 ; 7.097 ;
; b[9]       ; flags[2]    ; 6.875 ; 6.875 ; 6.875 ; 6.875 ;
; b[9]       ; r[9]        ; 6.649 ; 6.649 ; 6.649 ; 6.649 ;
; b[9]       ; r[10]       ; 6.417 ; 6.417 ; 6.417 ; 6.417 ;
; b[9]       ; r[11]       ; 6.631 ; 6.631 ; 6.631 ; 6.631 ;
; b[9]       ; r[12]       ; 6.682 ; 6.682 ; 6.682 ; 6.682 ;
; b[9]       ; r[13]       ; 6.759 ; 6.759 ; 6.759 ; 6.759 ;
; b[9]       ; r[14]       ; 6.830 ; 6.830 ; 6.830 ; 6.830 ;
; b[9]       ; r[15]       ; 7.161 ; 7.161 ; 7.161 ; 7.161 ;
; b[10]      ; flags[0]    ; 6.954 ; 6.954 ; 6.954 ; 6.954 ;
; b[10]      ; flags[1]    ; 7.236 ; 7.236 ; 7.236 ; 7.236 ;
; b[10]      ; flags[2]    ; 7.014 ; 7.014 ; 7.014 ; 7.014 ;
; b[10]      ; r[10]       ; 6.335 ; 6.335 ; 6.335 ; 6.335 ;
; b[10]      ; r[11]       ; 6.654 ; 6.654 ; 6.654 ; 6.654 ;
; b[10]      ; r[12]       ; 6.705 ; 6.705 ; 6.705 ; 6.705 ;
; b[10]      ; r[13]       ; 6.782 ; 6.782 ; 6.782 ; 6.782 ;
; b[10]      ; r[14]       ; 6.853 ; 6.853 ; 6.853 ; 6.853 ;
; b[10]      ; r[15]       ; 7.184 ; 7.184 ; 7.184 ; 7.184 ;
; b[11]      ; flags[0]    ; 6.883 ; 6.883 ; 6.883 ; 6.883 ;
; b[11]      ; flags[1]    ; 7.188 ; 7.188 ; 7.188 ; 7.188 ;
; b[11]      ; flags[2]    ; 6.966 ; 6.966 ; 6.966 ; 6.966 ;
; b[11]      ; r[11]       ; 6.480 ; 6.480 ; 6.480 ; 6.480 ;
; b[11]      ; r[12]       ; 6.634 ; 6.634 ; 6.634 ; 6.634 ;
; b[11]      ; r[13]       ; 6.711 ; 6.711 ; 6.711 ; 6.711 ;
; b[11]      ; r[14]       ; 6.782 ; 6.782 ; 6.782 ; 6.782 ;
; b[11]      ; r[15]       ; 7.113 ; 7.113 ; 7.113 ; 7.113 ;
; b[12]      ; flags[0]    ; 6.995 ; 6.995 ; 6.995 ; 6.995 ;
; b[12]      ; flags[1]    ; 7.219 ; 7.219 ; 7.219 ; 7.219 ;
; b[12]      ; flags[2]    ; 6.997 ; 6.997 ; 6.997 ; 6.997 ;
; b[12]      ; r[12]       ; 6.641 ; 6.641 ; 6.641 ; 6.641 ;
; b[12]      ; r[13]       ; 6.823 ; 6.823 ; 6.823 ; 6.823 ;
; b[12]      ; r[14]       ; 6.894 ; 6.894 ; 6.894 ; 6.894 ;
; b[12]      ; r[15]       ; 7.225 ; 7.225 ; 7.225 ; 7.225 ;
; b[13]      ; flags[0]    ; 7.104 ; 7.104 ; 7.104 ; 7.104 ;
; b[13]      ; flags[1]    ; 7.498 ; 7.498 ; 7.498 ; 7.498 ;
; b[13]      ; flags[2]    ; 7.276 ; 7.276 ; 7.276 ; 7.276 ;
; b[13]      ; r[13]       ; 6.827 ; 6.827 ; 6.827 ; 6.827 ;
; b[13]      ; r[14]       ; 7.003 ; 7.003 ; 7.003 ; 7.003 ;
; b[13]      ; r[15]       ; 7.334 ; 7.334 ; 7.334 ; 7.334 ;
; b[14]      ; flags[0]    ; 6.911 ; 6.911 ; 6.911 ; 6.911 ;
; b[14]      ; flags[1]    ; 7.263 ; 7.263 ; 7.263 ; 7.263 ;
; b[14]      ; flags[2]    ; 7.041 ; 7.041 ; 7.041 ; 7.041 ;
; b[14]      ; r[14]       ; 6.711 ; 6.711 ; 6.711 ; 6.711 ;
; b[14]      ; r[15]       ; 7.141 ; 7.141 ; 7.141 ; 7.141 ;
; b[15]      ; flags[0]    ; 6.094 ; 6.094 ; 6.094 ; 6.094 ;
; b[15]      ; flags[1]    ; 6.979 ; 6.979 ; 6.979 ; 6.979 ;
; b[15]      ; flags[2]    ; 6.756 ; 6.756 ; 6.756 ; 6.756 ;
; b[15]      ; r[15]       ; 6.324 ; 6.324 ; 6.324 ; 6.324 ;
; op[0]      ; flags[0]    ; 5.888 ; 5.888 ; 5.888 ; 5.888 ;
; op[0]      ; flags[1]    ; 6.773 ; 6.773 ; 6.773 ; 6.773 ;
; op[0]      ; flags[2]    ; 6.550 ; 6.550 ; 6.550 ; 6.550 ;
; op[0]      ; r[0]        ; 6.900 ; 6.900 ; 6.900 ; 6.900 ;
; op[0]      ; r[1]        ; 6.790 ; 6.790 ; 6.790 ; 6.790 ;
; op[0]      ; r[2]        ; 6.662 ; 6.662 ; 6.662 ; 6.662 ;
; op[0]      ; r[3]        ; 6.672 ; 6.672 ; 6.672 ; 6.672 ;
; op[0]      ; r[4]        ; 7.291 ; 7.291 ; 7.291 ; 7.291 ;
; op[0]      ; r[5]        ; 6.823 ; 6.823 ; 6.823 ; 6.823 ;
; op[0]      ; r[6]        ; 6.797 ; 6.797 ; 6.797 ; 6.797 ;
; op[0]      ; r[7]        ; 6.817 ; 6.817 ; 6.817 ; 6.817 ;
; op[0]      ; r[8]        ; 6.540 ; 6.540 ; 6.540 ; 6.540 ;
; op[0]      ; r[9]        ; 6.610 ; 6.610 ; 6.610 ; 6.610 ;
; op[0]      ; r[10]       ; 6.378 ; 6.378 ; 6.378 ; 6.378 ;
; op[0]      ; r[11]       ; 6.592 ; 6.592 ; 6.592 ; 6.592 ;
; op[0]      ; r[12]       ; 6.643 ; 6.643 ; 6.643 ; 6.643 ;
; op[0]      ; r[13]       ; 6.720 ; 6.720 ; 6.720 ; 6.720 ;
; op[0]      ; r[14]       ; 6.791 ; 6.791 ; 6.791 ; 6.791 ;
; op[0]      ; r[15]       ; 6.118 ; 6.118 ; 6.118 ; 6.118 ;
; op[1]      ; flags[0]    ; 5.826 ; 5.826 ; 5.826 ; 5.826 ;
; op[1]      ; flags[1]    ; 6.711 ; 6.711 ; 6.711 ; 6.711 ;
; op[1]      ; flags[2]    ; 6.488 ; 6.488 ; 6.488 ; 6.488 ;
; op[1]      ; r[0]        ; 6.119 ; 6.119 ; 6.119 ; 6.119 ;
; op[1]      ; r[1]        ; 6.049 ; 6.049 ; 6.049 ; 6.049 ;
; op[1]      ; r[2]        ; 6.081 ; 6.081 ; 6.081 ; 6.081 ;
; op[1]      ; r[3]        ; 6.160 ; 6.160 ; 6.160 ; 6.160 ;
; op[1]      ; r[4]        ; 6.674 ; 6.674 ; 6.674 ; 6.674 ;
; op[1]      ; r[5]        ; 6.206 ; 6.206 ; 6.206 ; 6.206 ;
; op[1]      ; r[6]        ; 6.194 ; 6.194 ; 6.194 ; 6.194 ;
; op[1]      ; r[7]        ; 6.450 ; 6.450 ; 6.450 ; 6.450 ;
; op[1]      ; r[8]        ; 6.521 ; 6.521 ; 6.521 ; 6.521 ;
; op[1]      ; r[9]        ; 6.620 ; 6.620 ; 6.620 ; 6.620 ;
; op[1]      ; r[10]       ; 6.285 ; 6.285 ; 6.285 ; 6.285 ;
; op[1]      ; r[11]       ; 6.499 ; 6.499 ; 6.499 ; 6.499 ;
; op[1]      ; r[12]       ; 6.550 ; 6.550 ; 6.550 ; 6.550 ;
; op[1]      ; r[13]       ; 6.627 ; 6.627 ; 6.627 ; 6.627 ;
; op[1]      ; r[14]       ; 6.698 ; 6.698 ; 6.698 ; 6.698 ;
; op[1]      ; r[15]       ; 6.056 ; 6.056 ; 6.056 ; 6.056 ;
; op[2]      ; flags[0]    ; 5.858 ; 5.858 ; 5.858 ; 5.858 ;
; op[2]      ; flags[1]    ; 6.743 ; 6.743 ; 6.743 ; 6.743 ;
; op[2]      ; flags[2]    ; 6.520 ; 6.520 ; 6.520 ; 6.520 ;
; op[2]      ; r[0]        ; 6.439 ; 6.439 ; 6.439 ; 6.439 ;
; op[2]      ; r[1]        ; 6.369 ; 6.369 ; 6.369 ; 6.369 ;
; op[2]      ; r[2]        ; 6.401 ; 6.401 ; 6.401 ; 6.401 ;
; op[2]      ; r[3]        ; 6.480 ; 6.480 ; 6.480 ; 6.480 ;
; op[2]      ; r[4]        ; 6.994 ; 6.994 ; 6.994 ; 6.994 ;
; op[2]      ; r[5]        ; 6.526 ; 6.526 ; 6.526 ; 6.526 ;
; op[2]      ; r[6]        ; 6.442 ; 6.442 ; 6.442 ; 6.442 ;
; op[2]      ; r[7]        ; 6.725 ; 6.725 ; 6.725 ; 6.725 ;
; op[2]      ; r[8]        ; 6.558 ; 6.558 ; 6.558 ; 6.558 ;
; op[2]      ; r[9]        ; 6.629 ; 6.629 ; 6.629 ; 6.629 ;
; op[2]      ; r[10]       ; 6.397 ; 6.397 ; 6.397 ; 6.397 ;
; op[2]      ; r[11]       ; 6.611 ; 6.611 ; 6.611 ; 6.611 ;
; op[2]      ; r[12]       ; 6.662 ; 6.662 ; 6.662 ; 6.662 ;
; op[2]      ; r[13]       ; 6.739 ; 6.739 ; 6.739 ; 6.739 ;
; op[2]      ; r[14]       ; 6.641 ; 6.641 ; 6.641 ; 6.641 ;
; op[2]      ; r[15]       ; 6.088 ; 6.088 ; 6.088 ; 6.088 ;
; op[3]      ; flags[0]    ; 5.707 ; 5.707 ; 5.707 ; 5.707 ;
; op[3]      ; flags[1]    ; 6.592 ; 6.592 ; 6.592 ; 6.592 ;
; op[3]      ; flags[2]    ; 6.369 ; 6.369 ; 6.369 ; 6.369 ;
; op[3]      ; r[0]        ; 6.497 ; 6.497 ; 6.497 ; 6.497 ;
; op[3]      ; r[1]        ; 6.393 ; 6.393 ; 6.393 ; 6.393 ;
; op[3]      ; r[2]        ; 6.269 ; 6.269 ; 6.269 ; 6.269 ;
; op[3]      ; r[3]        ; 6.453 ; 6.453 ; 6.453 ; 6.453 ;
; op[3]      ; r[4]        ; 6.847 ; 6.847 ; 6.847 ; 6.847 ;
; op[3]      ; r[5]        ; 6.484 ; 6.484 ; 6.484 ; 6.484 ;
; op[3]      ; r[6]        ; 6.343 ; 6.343 ; 6.343 ; 6.343 ;
; op[3]      ; r[7]        ; 6.399 ; 6.399 ; 6.399 ; 6.399 ;
; op[3]      ; r[8]        ; 6.427 ; 6.427 ; 6.427 ; 6.427 ;
; op[3]      ; r[9]        ; 6.492 ; 6.492 ; 6.492 ; 6.492 ;
; op[3]      ; r[10]       ; 6.132 ; 6.132 ; 6.132 ; 6.132 ;
; op[3]      ; r[11]       ; 6.239 ; 6.239 ; 6.239 ; 6.239 ;
; op[3]      ; r[12]       ; 6.393 ; 6.393 ; 6.393 ; 6.393 ;
; op[3]      ; r[13]       ; 6.368 ; 6.368 ; 6.368 ; 6.368 ;
; op[3]      ; r[14]       ; 6.414 ; 6.414 ; 6.414 ; 6.414 ;
; op[3]      ; r[15]       ; 5.937 ; 5.937 ; 5.937 ; 5.937 ;
+------------+-------------+-------+-------+-------+-------+


+----------------------------------------------------------------------------+
; Multicorner Timing Analysis Summary                                        ;
+------------------+-------+------+----------+---------+---------------------+
; Clock            ; Setup ; Hold ; Recovery ; Removal ; Minimum Pulse Width ;
+------------------+-------+------+----------+---------+---------------------+
; Worst-case Slack ; N/A   ; N/A  ; N/A      ; N/A     ; N/A                 ;
; Design-wide TNS  ; 0.0   ; 0.0  ; 0.0      ; 0.0     ; 0.0                 ;
+------------------+-------+------+----------+---------+---------------------+


+--------------------------------------------------------------+
; Progagation Delay                                            ;
+------------+-------------+--------+--------+--------+--------+
; Input Port ; Output Port ; RR     ; RF     ; FR     ; FF     ;
+------------+-------------+--------+--------+--------+--------+
; a[0]       ; flags[0]    ; 15.172 ; 15.172 ; 15.172 ; 15.172 ;
; a[0]       ; flags[1]    ; 17.120 ; 17.120 ; 17.120 ; 17.120 ;
; a[0]       ; flags[2]    ; 16.652 ; 16.652 ; 16.652 ; 16.652 ;
; a[0]       ; r[0]        ; 13.491 ; 13.491 ; 13.491 ; 13.491 ;
; a[0]       ; r[1]        ; 13.647 ; 13.647 ; 13.647 ; 13.647 ;
; a[0]       ; r[2]        ; 13.717 ; 13.717 ; 13.717 ; 13.717 ;
; a[0]       ; r[3]        ; 13.841 ; 13.841 ; 13.841 ; 13.841 ;
; a[0]       ; r[4]        ; 14.948 ; 14.948 ; 14.948 ; 14.948 ;
; a[0]       ; r[5]        ; 13.956 ; 13.956 ; 13.956 ; 13.956 ;
; a[0]       ; r[6]        ; 13.975 ; 13.975 ; 13.975 ; 13.975 ;
; a[0]       ; r[7]        ; 14.386 ; 14.386 ; 14.386 ; 14.386 ;
; a[0]       ; r[8]        ; 14.627 ; 14.627 ; 14.627 ; 14.627 ;
; a[0]       ; r[9]        ; 14.812 ; 14.812 ; 14.812 ; 14.812 ;
; a[0]       ; r[10]       ; 14.104 ; 14.104 ; 14.104 ; 14.104 ;
; a[0]       ; r[11]       ; 14.588 ; 14.588 ; 14.588 ; 14.588 ;
; a[0]       ; r[12]       ; 14.691 ; 14.691 ; 14.691 ; 14.691 ;
; a[0]       ; r[13]       ; 14.808 ; 14.808 ; 14.808 ; 14.808 ;
; a[0]       ; r[14]       ; 14.923 ; 14.923 ; 14.923 ; 14.923 ;
; a[0]       ; r[15]       ; 15.656 ; 15.656 ; 15.656 ; 15.656 ;
; a[1]       ; flags[0]    ; 14.673 ; 14.673 ; 14.673 ; 14.673 ;
; a[1]       ; flags[1]    ; 16.621 ; 16.621 ; 16.621 ; 16.621 ;
; a[1]       ; flags[2]    ; 16.153 ; 16.153 ; 16.153 ; 16.153 ;
; a[1]       ; r[1]        ; 12.836 ; 12.836 ; 12.836 ; 12.836 ;
; a[1]       ; r[2]        ; 13.218 ; 13.218 ; 13.218 ; 13.218 ;
; a[1]       ; r[3]        ; 13.342 ; 13.342 ; 13.342 ; 13.342 ;
; a[1]       ; r[4]        ; 14.449 ; 14.449 ; 14.449 ; 14.449 ;
; a[1]       ; r[5]        ; 13.457 ; 13.457 ; 13.457 ; 13.457 ;
; a[1]       ; r[6]        ; 13.476 ; 13.476 ; 13.476 ; 13.476 ;
; a[1]       ; r[7]        ; 13.887 ; 13.887 ; 13.887 ; 13.887 ;
; a[1]       ; r[8]        ; 14.128 ; 14.128 ; 14.128 ; 14.128 ;
; a[1]       ; r[9]        ; 14.313 ; 14.313 ; 14.313 ; 14.313 ;
; a[1]       ; r[10]       ; 13.605 ; 13.605 ; 13.605 ; 13.605 ;
; a[1]       ; r[11]       ; 14.089 ; 14.089 ; 14.089 ; 14.089 ;
; a[1]       ; r[12]       ; 14.192 ; 14.192 ; 14.192 ; 14.192 ;
; a[1]       ; r[13]       ; 14.309 ; 14.309 ; 14.309 ; 14.309 ;
; a[1]       ; r[14]       ; 14.424 ; 14.424 ; 14.424 ; 14.424 ;
; a[1]       ; r[15]       ; 15.157 ; 15.157 ; 15.157 ; 15.157 ;
; a[2]       ; flags[0]    ; 14.478 ; 14.478 ; 14.478 ; 14.478 ;
; a[2]       ; flags[1]    ; 16.426 ; 16.426 ; 16.426 ; 16.426 ;
; a[2]       ; flags[2]    ; 15.958 ; 15.958 ; 15.958 ; 15.958 ;
; a[2]       ; r[2]        ; 12.707 ; 12.707 ; 12.707 ; 12.707 ;
; a[2]       ; r[3]        ; 13.147 ; 13.147 ; 13.147 ; 13.147 ;
; a[2]       ; r[4]        ; 14.254 ; 14.254 ; 14.254 ; 14.254 ;
; a[2]       ; r[5]        ; 13.262 ; 13.262 ; 13.262 ; 13.262 ;
; a[2]       ; r[6]        ; 13.281 ; 13.281 ; 13.281 ; 13.281 ;
; a[2]       ; r[7]        ; 13.692 ; 13.692 ; 13.692 ; 13.692 ;
; a[2]       ; r[8]        ; 13.933 ; 13.933 ; 13.933 ; 13.933 ;
; a[2]       ; r[9]        ; 14.118 ; 14.118 ; 14.118 ; 14.118 ;
; a[2]       ; r[10]       ; 13.410 ; 13.410 ; 13.410 ; 13.410 ;
; a[2]       ; r[11]       ; 13.894 ; 13.894 ; 13.894 ; 13.894 ;
; a[2]       ; r[12]       ; 13.997 ; 13.997 ; 13.997 ; 13.997 ;
; a[2]       ; r[13]       ; 14.114 ; 14.114 ; 14.114 ; 14.114 ;
; a[2]       ; r[14]       ; 14.229 ; 14.229 ; 14.229 ; 14.229 ;
; a[2]       ; r[15]       ; 14.962 ; 14.962 ; 14.962 ; 14.962 ;
; a[3]       ; flags[0]    ; 14.613 ; 14.613 ; 14.613 ; 14.613 ;
; a[3]       ; flags[1]    ; 16.561 ; 16.561 ; 16.561 ; 16.561 ;
; a[3]       ; flags[2]    ; 16.093 ; 16.093 ; 16.093 ; 16.093 ;
; a[3]       ; r[3]        ; 12.970 ; 12.970 ; 12.970 ; 12.970 ;
; a[3]       ; r[4]        ; 14.389 ; 14.389 ; 14.389 ; 14.389 ;
; a[3]       ; r[5]        ; 13.397 ; 13.397 ; 13.397 ; 13.397 ;
; a[3]       ; r[6]        ; 13.416 ; 13.416 ; 13.416 ; 13.416 ;
; a[3]       ; r[7]        ; 13.827 ; 13.827 ; 13.827 ; 13.827 ;
; a[3]       ; r[8]        ; 14.068 ; 14.068 ; 14.068 ; 14.068 ;
; a[3]       ; r[9]        ; 14.253 ; 14.253 ; 14.253 ; 14.253 ;
; a[3]       ; r[10]       ; 13.545 ; 13.545 ; 13.545 ; 13.545 ;
; a[3]       ; r[11]       ; 14.029 ; 14.029 ; 14.029 ; 14.029 ;
; a[3]       ; r[12]       ; 14.132 ; 14.132 ; 14.132 ; 14.132 ;
; a[3]       ; r[13]       ; 14.249 ; 14.249 ; 14.249 ; 14.249 ;
; a[3]       ; r[14]       ; 14.364 ; 14.364 ; 14.364 ; 14.364 ;
; a[3]       ; r[15]       ; 15.097 ; 15.097 ; 15.097 ; 15.097 ;
; a[4]       ; flags[0]    ; 14.319 ; 14.319 ; 14.319 ; 14.319 ;
; a[4]       ; flags[1]    ; 16.267 ; 16.267 ; 16.267 ; 16.267 ;
; a[4]       ; flags[2]    ; 15.799 ; 15.799 ; 15.799 ; 15.799 ;
; a[4]       ; r[4]        ; 13.779 ; 13.779 ; 13.779 ; 13.779 ;
; a[4]       ; r[5]        ; 13.103 ; 13.103 ; 13.103 ; 13.103 ;
; a[4]       ; r[6]        ; 13.122 ; 13.122 ; 13.122 ; 13.122 ;
; a[4]       ; r[7]        ; 13.533 ; 13.533 ; 13.533 ; 13.533 ;
; a[4]       ; r[8]        ; 13.774 ; 13.774 ; 13.774 ; 13.774 ;
; a[4]       ; r[9]        ; 13.959 ; 13.959 ; 13.959 ; 13.959 ;
; a[4]       ; r[10]       ; 13.251 ; 13.251 ; 13.251 ; 13.251 ;
; a[4]       ; r[11]       ; 13.735 ; 13.735 ; 13.735 ; 13.735 ;
; a[4]       ; r[12]       ; 13.838 ; 13.838 ; 13.838 ; 13.838 ;
; a[4]       ; r[13]       ; 13.955 ; 13.955 ; 13.955 ; 13.955 ;
; a[4]       ; r[14]       ; 14.070 ; 14.070 ; 14.070 ; 14.070 ;
; a[4]       ; r[15]       ; 14.803 ; 14.803 ; 14.803 ; 14.803 ;
; a[5]       ; flags[0]    ; 14.184 ; 14.184 ; 14.184 ; 14.184 ;
; a[5]       ; flags[1]    ; 16.132 ; 16.132 ; 16.132 ; 16.132 ;
; a[5]       ; flags[2]    ; 15.664 ; 15.664 ; 15.664 ; 15.664 ;
; a[5]       ; r[5]        ; 12.656 ; 12.656 ; 12.656 ; 12.656 ;
; a[5]       ; r[6]        ; 12.987 ; 12.987 ; 12.987 ; 12.987 ;
; a[5]       ; r[7]        ; 13.398 ; 13.398 ; 13.398 ; 13.398 ;
; a[5]       ; r[8]        ; 13.639 ; 13.639 ; 13.639 ; 13.639 ;
; a[5]       ; r[9]        ; 13.824 ; 13.824 ; 13.824 ; 13.824 ;
; a[5]       ; r[10]       ; 13.116 ; 13.116 ; 13.116 ; 13.116 ;
; a[5]       ; r[11]       ; 13.600 ; 13.600 ; 13.600 ; 13.600 ;
; a[5]       ; r[12]       ; 13.703 ; 13.703 ; 13.703 ; 13.703 ;
; a[5]       ; r[13]       ; 13.820 ; 13.820 ; 13.820 ; 13.820 ;
; a[5]       ; r[14]       ; 13.935 ; 13.935 ; 13.935 ; 13.935 ;
; a[5]       ; r[15]       ; 14.668 ; 14.668 ; 14.668 ; 14.668 ;
; a[6]       ; flags[0]    ; 13.798 ; 13.798 ; 13.798 ; 13.798 ;
; a[6]       ; flags[1]    ; 15.746 ; 15.746 ; 15.746 ; 15.746 ;
; a[6]       ; flags[2]    ; 15.278 ; 15.278 ; 15.278 ; 15.278 ;
; a[6]       ; r[6]        ; 12.268 ; 12.268 ; 12.268 ; 12.268 ;
; a[6]       ; r[7]        ; 13.012 ; 13.012 ; 13.012 ; 13.012 ;
; a[6]       ; r[8]        ; 13.253 ; 13.253 ; 13.253 ; 13.253 ;
; a[6]       ; r[9]        ; 13.438 ; 13.438 ; 13.438 ; 13.438 ;
; a[6]       ; r[10]       ; 12.730 ; 12.730 ; 12.730 ; 12.730 ;
; a[6]       ; r[11]       ; 13.214 ; 13.214 ; 13.214 ; 13.214 ;
; a[6]       ; r[12]       ; 13.317 ; 13.317 ; 13.317 ; 13.317 ;
; a[6]       ; r[13]       ; 13.434 ; 13.434 ; 13.434 ; 13.434 ;
; a[6]       ; r[14]       ; 13.549 ; 13.549 ; 13.549 ; 13.549 ;
; a[6]       ; r[15]       ; 14.282 ; 14.282 ; 14.282 ; 14.282 ;
; a[7]       ; flags[0]    ; 14.798 ; 14.798 ; 14.798 ; 14.798 ;
; a[7]       ; flags[1]    ; 16.746 ; 16.746 ; 16.746 ; 16.746 ;
; a[7]       ; flags[2]    ; 16.278 ; 16.278 ; 16.278 ; 16.278 ;
; a[7]       ; r[7]        ; 13.697 ; 13.697 ; 13.697 ; 13.697 ;
; a[7]       ; r[8]        ; 14.253 ; 14.253 ; 14.253 ; 14.253 ;
; a[7]       ; r[9]        ; 14.438 ; 14.438 ; 14.438 ; 14.438 ;
; a[7]       ; r[10]       ; 13.730 ; 13.730 ; 13.730 ; 13.730 ;
; a[7]       ; r[11]       ; 14.214 ; 14.214 ; 14.214 ; 14.214 ;
; a[7]       ; r[12]       ; 14.317 ; 14.317 ; 14.317 ; 14.317 ;
; a[7]       ; r[13]       ; 14.434 ; 14.434 ; 14.434 ; 14.434 ;
; a[7]       ; r[14]       ; 14.549 ; 14.549 ; 14.549 ; 14.549 ;
; a[7]       ; r[15]       ; 15.282 ; 15.282 ; 15.282 ; 15.282 ;
; a[8]       ; flags[0]    ; 13.448 ; 13.448 ; 13.448 ; 13.448 ;
; a[8]       ; flags[1]    ; 15.396 ; 15.396 ; 15.396 ; 15.396 ;
; a[8]       ; flags[2]    ; 14.928 ; 14.928 ; 14.928 ; 14.928 ;
; a[8]       ; r[8]        ; 12.588 ; 12.588 ; 12.588 ; 12.588 ;
; a[8]       ; r[9]        ; 13.088 ; 13.088 ; 13.088 ; 13.088 ;
; a[8]       ; r[10]       ; 12.380 ; 12.380 ; 12.380 ; 12.380 ;
; a[8]       ; r[11]       ; 12.864 ; 12.864 ; 12.864 ; 12.864 ;
; a[8]       ; r[12]       ; 12.967 ; 12.967 ; 12.967 ; 12.967 ;
; a[8]       ; r[13]       ; 13.084 ; 13.084 ; 13.084 ; 13.084 ;
; a[8]       ; r[14]       ; 13.199 ; 13.199 ; 13.199 ; 13.199 ;
; a[8]       ; r[15]       ; 13.932 ; 13.932 ; 13.932 ; 13.932 ;
; a[9]       ; flags[0]    ; 13.566 ; 13.566 ; 13.566 ; 13.566 ;
; a[9]       ; flags[1]    ; 15.514 ; 15.514 ; 15.514 ; 15.514 ;
; a[9]       ; flags[2]    ; 15.046 ; 15.046 ; 15.046 ; 15.046 ;
; a[9]       ; r[9]        ; 12.891 ; 12.891 ; 12.891 ; 12.891 ;
; a[9]       ; r[10]       ; 12.498 ; 12.498 ; 12.498 ; 12.498 ;
; a[9]       ; r[11]       ; 12.982 ; 12.982 ; 12.982 ; 12.982 ;
; a[9]       ; r[12]       ; 13.085 ; 13.085 ; 13.085 ; 13.085 ;
; a[9]       ; r[13]       ; 13.202 ; 13.202 ; 13.202 ; 13.202 ;
; a[9]       ; r[14]       ; 13.317 ; 13.317 ; 13.317 ; 13.317 ;
; a[9]       ; r[15]       ; 14.050 ; 14.050 ; 14.050 ; 14.050 ;
; a[10]      ; flags[0]    ; 13.825 ; 13.825 ; 13.825 ; 13.825 ;
; a[10]      ; flags[1]    ; 15.773 ; 15.773 ; 15.773 ; 15.773 ;
; a[10]      ; flags[2]    ; 15.305 ; 15.305 ; 15.305 ; 15.305 ;
; a[10]      ; r[10]       ; 12.442 ; 12.442 ; 12.442 ; 12.442 ;
; a[10]      ; r[11]       ; 13.241 ; 13.241 ; 13.241 ; 13.241 ;
; a[10]      ; r[12]       ; 13.344 ; 13.344 ; 13.344 ; 13.344 ;
; a[10]      ; r[13]       ; 13.461 ; 13.461 ; 13.461 ; 13.461 ;
; a[10]      ; r[14]       ; 13.576 ; 13.576 ; 13.576 ; 13.576 ;
; a[10]      ; r[15]       ; 14.309 ; 14.309 ; 14.309 ; 14.309 ;
; a[11]      ; flags[0]    ; 13.863 ; 13.863 ; 13.863 ; 13.863 ;
; a[11]      ; flags[1]    ; 15.811 ; 15.811 ; 15.811 ; 15.811 ;
; a[11]      ; flags[2]    ; 15.343 ; 15.343 ; 15.343 ; 15.343 ;
; a[11]      ; r[11]       ; 12.964 ; 12.964 ; 12.964 ; 12.964 ;
; a[11]      ; r[12]       ; 13.382 ; 13.382 ; 13.382 ; 13.382 ;
; a[11]      ; r[13]       ; 13.499 ; 13.499 ; 13.499 ; 13.499 ;
; a[11]      ; r[14]       ; 13.614 ; 13.614 ; 13.614 ; 13.614 ;
; a[11]      ; r[15]       ; 14.347 ; 14.347 ; 14.347 ; 14.347 ;
; a[12]      ; flags[0]    ; 13.121 ; 13.121 ; 13.121 ; 13.121 ;
; a[12]      ; flags[1]    ; 15.069 ; 15.069 ; 15.069 ; 15.069 ;
; a[12]      ; flags[2]    ; 14.601 ; 14.601 ; 14.601 ; 14.601 ;
; a[12]      ; r[12]       ; 12.324 ; 12.324 ; 12.324 ; 12.324 ;
; a[12]      ; r[13]       ; 12.757 ; 12.757 ; 12.757 ; 12.757 ;
; a[12]      ; r[14]       ; 12.872 ; 12.872 ; 12.872 ; 12.872 ;
; a[12]      ; r[15]       ; 13.605 ; 13.605 ; 13.605 ; 13.605 ;
; a[13]      ; flags[0]    ; 13.344 ; 13.344 ; 13.344 ; 13.344 ;
; a[13]      ; flags[1]    ; 15.292 ; 15.292 ; 15.292 ; 15.292 ;
; a[13]      ; flags[2]    ; 14.824 ; 14.824 ; 14.824 ; 14.824 ;
; a[13]      ; r[13]       ; 12.668 ; 12.668 ; 12.668 ; 12.668 ;
; a[13]      ; r[14]       ; 13.095 ; 13.095 ; 13.095 ; 13.095 ;
; a[13]      ; r[15]       ; 13.828 ; 13.828 ; 13.828 ; 13.828 ;
; a[14]      ; flags[0]    ; 14.090 ; 14.090 ; 14.090 ; 14.090 ;
; a[14]      ; flags[1]    ; 16.038 ; 16.038 ; 16.038 ; 16.038 ;
; a[14]      ; flags[2]    ; 15.570 ; 15.570 ; 15.570 ; 15.570 ;
; a[14]      ; r[14]       ; 13.524 ; 13.524 ; 13.524 ; 13.524 ;
; a[14]      ; r[15]       ; 14.574 ; 14.574 ; 14.574 ; 14.574 ;
; a[15]      ; flags[0]    ; 11.311 ; 11.311 ; 11.311 ; 11.311 ;
; a[15]      ; flags[1]    ; 13.256 ; 13.256 ; 13.256 ; 13.256 ;
; a[15]      ; flags[2]    ; 12.788 ; 12.788 ; 12.788 ; 12.788 ;
; a[15]      ; r[15]       ; 11.792 ; 11.792 ; 11.792 ; 11.792 ;
; b[0]       ; flags[0]    ; 14.494 ; 14.494 ; 14.494 ; 14.494 ;
; b[0]       ; flags[1]    ; 16.442 ; 16.442 ; 16.442 ; 16.442 ;
; b[0]       ; flags[2]    ; 15.974 ; 15.974 ; 15.974 ; 15.974 ;
; b[0]       ; r[0]        ; 12.813 ; 12.813 ; 12.813 ; 12.813 ;
; b[0]       ; r[1]        ; 12.969 ; 12.969 ; 12.969 ; 12.969 ;
; b[0]       ; r[2]        ; 13.039 ; 13.039 ; 13.039 ; 13.039 ;
; b[0]       ; r[3]        ; 13.163 ; 13.163 ; 13.163 ; 13.163 ;
; b[0]       ; r[4]        ; 14.270 ; 14.270 ; 14.270 ; 14.270 ;
; b[0]       ; r[5]        ; 13.278 ; 13.278 ; 13.278 ; 13.278 ;
; b[0]       ; r[6]        ; 13.297 ; 13.297 ; 13.297 ; 13.297 ;
; b[0]       ; r[7]        ; 13.708 ; 13.708 ; 13.708 ; 13.708 ;
; b[0]       ; r[8]        ; 13.949 ; 13.949 ; 13.949 ; 13.949 ;
; b[0]       ; r[9]        ; 14.134 ; 14.134 ; 14.134 ; 14.134 ;
; b[0]       ; r[10]       ; 13.426 ; 13.426 ; 13.426 ; 13.426 ;
; b[0]       ; r[11]       ; 13.910 ; 13.910 ; 13.910 ; 13.910 ;
; b[0]       ; r[12]       ; 14.013 ; 14.013 ; 14.013 ; 14.013 ;
; b[0]       ; r[13]       ; 14.130 ; 14.130 ; 14.130 ; 14.130 ;
; b[0]       ; r[14]       ; 14.245 ; 14.245 ; 14.245 ; 14.245 ;
; b[0]       ; r[15]       ; 14.978 ; 14.978 ; 14.978 ; 14.978 ;
; b[1]       ; flags[0]    ; 14.729 ; 14.729 ; 14.729 ; 14.729 ;
; b[1]       ; flags[1]    ; 16.677 ; 16.677 ; 16.677 ; 16.677 ;
; b[1]       ; flags[2]    ; 16.209 ; 16.209 ; 16.209 ; 16.209 ;
; b[1]       ; r[1]        ; 12.889 ; 12.889 ; 12.889 ; 12.889 ;
; b[1]       ; r[2]        ; 13.274 ; 13.274 ; 13.274 ; 13.274 ;
; b[1]       ; r[3]        ; 13.398 ; 13.398 ; 13.398 ; 13.398 ;
; b[1]       ; r[4]        ; 14.505 ; 14.505 ; 14.505 ; 14.505 ;
; b[1]       ; r[5]        ; 13.513 ; 13.513 ; 13.513 ; 13.513 ;
; b[1]       ; r[6]        ; 13.532 ; 13.532 ; 13.532 ; 13.532 ;
; b[1]       ; r[7]        ; 13.943 ; 13.943 ; 13.943 ; 13.943 ;
; b[1]       ; r[8]        ; 14.184 ; 14.184 ; 14.184 ; 14.184 ;
; b[1]       ; r[9]        ; 14.369 ; 14.369 ; 14.369 ; 14.369 ;
; b[1]       ; r[10]       ; 13.661 ; 13.661 ; 13.661 ; 13.661 ;
; b[1]       ; r[11]       ; 14.145 ; 14.145 ; 14.145 ; 14.145 ;
; b[1]       ; r[12]       ; 14.248 ; 14.248 ; 14.248 ; 14.248 ;
; b[1]       ; r[13]       ; 14.365 ; 14.365 ; 14.365 ; 14.365 ;
; b[1]       ; r[14]       ; 14.480 ; 14.480 ; 14.480 ; 14.480 ;
; b[1]       ; r[15]       ; 15.213 ; 15.213 ; 15.213 ; 15.213 ;
; b[2]       ; flags[0]    ; 14.036 ; 14.036 ; 14.036 ; 14.036 ;
; b[2]       ; flags[1]    ; 15.984 ; 15.984 ; 15.984 ; 15.984 ;
; b[2]       ; flags[2]    ; 15.516 ; 15.516 ; 15.516 ; 15.516 ;
; b[2]       ; r[2]        ; 12.265 ; 12.265 ; 12.265 ; 12.265 ;
; b[2]       ; r[3]        ; 12.705 ; 12.705 ; 12.705 ; 12.705 ;
; b[2]       ; r[4]        ; 13.812 ; 13.812 ; 13.812 ; 13.812 ;
; b[2]       ; r[5]        ; 12.820 ; 12.820 ; 12.820 ; 12.820 ;
; b[2]       ; r[6]        ; 12.839 ; 12.839 ; 12.839 ; 12.839 ;
; b[2]       ; r[7]        ; 13.250 ; 13.250 ; 13.250 ; 13.250 ;
; b[2]       ; r[8]        ; 13.491 ; 13.491 ; 13.491 ; 13.491 ;
; b[2]       ; r[9]        ; 13.676 ; 13.676 ; 13.676 ; 13.676 ;
; b[2]       ; r[10]       ; 12.968 ; 12.968 ; 12.968 ; 12.968 ;
; b[2]       ; r[11]       ; 13.452 ; 13.452 ; 13.452 ; 13.452 ;
; b[2]       ; r[12]       ; 13.555 ; 13.555 ; 13.555 ; 13.555 ;
; b[2]       ; r[13]       ; 13.672 ; 13.672 ; 13.672 ; 13.672 ;
; b[2]       ; r[14]       ; 13.787 ; 13.787 ; 13.787 ; 13.787 ;
; b[2]       ; r[15]       ; 14.520 ; 14.520 ; 14.520 ; 14.520 ;
; b[3]       ; flags[0]    ; 14.235 ; 14.235 ; 14.235 ; 14.235 ;
; b[3]       ; flags[1]    ; 16.183 ; 16.183 ; 16.183 ; 16.183 ;
; b[3]       ; flags[2]    ; 15.715 ; 15.715 ; 15.715 ; 15.715 ;
; b[3]       ; r[3]        ; 12.592 ; 12.592 ; 12.592 ; 12.592 ;
; b[3]       ; r[4]        ; 14.011 ; 14.011 ; 14.011 ; 14.011 ;
; b[3]       ; r[5]        ; 13.019 ; 13.019 ; 13.019 ; 13.019 ;
; b[3]       ; r[6]        ; 13.038 ; 13.038 ; 13.038 ; 13.038 ;
; b[3]       ; r[7]        ; 13.449 ; 13.449 ; 13.449 ; 13.449 ;
; b[3]       ; r[8]        ; 13.690 ; 13.690 ; 13.690 ; 13.690 ;
; b[3]       ; r[9]        ; 13.875 ; 13.875 ; 13.875 ; 13.875 ;
; b[3]       ; r[10]       ; 13.167 ; 13.167 ; 13.167 ; 13.167 ;
; b[3]       ; r[11]       ; 13.651 ; 13.651 ; 13.651 ; 13.651 ;
; b[3]       ; r[12]       ; 13.754 ; 13.754 ; 13.754 ; 13.754 ;
; b[3]       ; r[13]       ; 13.871 ; 13.871 ; 13.871 ; 13.871 ;
; b[3]       ; r[14]       ; 13.986 ; 13.986 ; 13.986 ; 13.986 ;
; b[3]       ; r[15]       ; 14.719 ; 14.719 ; 14.719 ; 14.719 ;
; b[4]       ; flags[0]    ; 14.451 ; 14.451 ; 14.451 ; 14.451 ;
; b[4]       ; flags[1]    ; 16.399 ; 16.399 ; 16.399 ; 16.399 ;
; b[4]       ; flags[2]    ; 15.931 ; 15.931 ; 15.931 ; 15.931 ;
; b[4]       ; r[4]        ; 13.912 ; 13.912 ; 13.912 ; 13.912 ;
; b[4]       ; r[5]        ; 13.235 ; 13.235 ; 13.235 ; 13.235 ;
; b[4]       ; r[6]        ; 13.254 ; 13.254 ; 13.254 ; 13.254 ;
; b[4]       ; r[7]        ; 13.665 ; 13.665 ; 13.665 ; 13.665 ;
; b[4]       ; r[8]        ; 13.906 ; 13.906 ; 13.906 ; 13.906 ;
; b[4]       ; r[9]        ; 14.091 ; 14.091 ; 14.091 ; 14.091 ;
; b[4]       ; r[10]       ; 13.383 ; 13.383 ; 13.383 ; 13.383 ;
; b[4]       ; r[11]       ; 13.867 ; 13.867 ; 13.867 ; 13.867 ;
; b[4]       ; r[12]       ; 13.970 ; 13.970 ; 13.970 ; 13.970 ;
; b[4]       ; r[13]       ; 14.087 ; 14.087 ; 14.087 ; 14.087 ;
; b[4]       ; r[14]       ; 14.202 ; 14.202 ; 14.202 ; 14.202 ;
; b[4]       ; r[15]       ; 14.935 ; 14.935 ; 14.935 ; 14.935 ;
; b[5]       ; flags[0]    ; 14.272 ; 14.272 ; 14.272 ; 14.272 ;
; b[5]       ; flags[1]    ; 16.220 ; 16.220 ; 16.220 ; 16.220 ;
; b[5]       ; flags[2]    ; 15.752 ; 15.752 ; 15.752 ; 15.752 ;
; b[5]       ; r[5]        ; 12.741 ; 12.741 ; 12.741 ; 12.741 ;
; b[5]       ; r[6]        ; 13.075 ; 13.075 ; 13.075 ; 13.075 ;
; b[5]       ; r[7]        ; 13.486 ; 13.486 ; 13.486 ; 13.486 ;
; b[5]       ; r[8]        ; 13.727 ; 13.727 ; 13.727 ; 13.727 ;
; b[5]       ; r[9]        ; 13.912 ; 13.912 ; 13.912 ; 13.912 ;
; b[5]       ; r[10]       ; 13.204 ; 13.204 ; 13.204 ; 13.204 ;
; b[5]       ; r[11]       ; 13.688 ; 13.688 ; 13.688 ; 13.688 ;
; b[5]       ; r[12]       ; 13.791 ; 13.791 ; 13.791 ; 13.791 ;
; b[5]       ; r[13]       ; 13.908 ; 13.908 ; 13.908 ; 13.908 ;
; b[5]       ; r[14]       ; 14.023 ; 14.023 ; 14.023 ; 14.023 ;
; b[5]       ; r[15]       ; 14.756 ; 14.756 ; 14.756 ; 14.756 ;
; b[6]       ; flags[0]    ; 14.287 ; 14.287 ; 14.287 ; 14.287 ;
; b[6]       ; flags[1]    ; 16.235 ; 16.235 ; 16.235 ; 16.235 ;
; b[6]       ; flags[2]    ; 15.767 ; 15.767 ; 15.767 ; 15.767 ;
; b[6]       ; r[6]        ; 12.757 ; 12.757 ; 12.757 ; 12.757 ;
; b[6]       ; r[7]        ; 13.501 ; 13.501 ; 13.501 ; 13.501 ;
; b[6]       ; r[8]        ; 13.742 ; 13.742 ; 13.742 ; 13.742 ;
; b[6]       ; r[9]        ; 13.927 ; 13.927 ; 13.927 ; 13.927 ;
; b[6]       ; r[10]       ; 13.219 ; 13.219 ; 13.219 ; 13.219 ;
; b[6]       ; r[11]       ; 13.703 ; 13.703 ; 13.703 ; 13.703 ;
; b[6]       ; r[12]       ; 13.806 ; 13.806 ; 13.806 ; 13.806 ;
; b[6]       ; r[13]       ; 13.923 ; 13.923 ; 13.923 ; 13.923 ;
; b[6]       ; r[14]       ; 14.038 ; 14.038 ; 14.038 ; 14.038 ;
; b[6]       ; r[15]       ; 14.771 ; 14.771 ; 14.771 ; 14.771 ;
; b[7]       ; flags[0]    ; 14.155 ; 14.155 ; 14.155 ; 14.155 ;
; b[7]       ; flags[1]    ; 16.103 ; 16.103 ; 16.103 ; 16.103 ;
; b[7]       ; flags[2]    ; 15.635 ; 15.635 ; 15.635 ; 15.635 ;
; b[7]       ; r[7]        ; 13.054 ; 13.054 ; 13.054 ; 13.054 ;
; b[7]       ; r[8]        ; 13.610 ; 13.610 ; 13.610 ; 13.610 ;
; b[7]       ; r[9]        ; 13.795 ; 13.795 ; 13.795 ; 13.795 ;
; b[7]       ; r[10]       ; 13.087 ; 13.087 ; 13.087 ; 13.087 ;
; b[7]       ; r[11]       ; 13.571 ; 13.571 ; 13.571 ; 13.571 ;
; b[7]       ; r[12]       ; 13.674 ; 13.674 ; 13.674 ; 13.674 ;
; b[7]       ; r[13]       ; 13.791 ; 13.791 ; 13.791 ; 13.791 ;
; b[7]       ; r[14]       ; 13.906 ; 13.906 ; 13.906 ; 13.906 ;
; b[7]       ; r[15]       ; 14.639 ; 14.639 ; 14.639 ; 14.639 ;
; b[8]       ; flags[0]    ; 13.713 ; 13.713 ; 13.713 ; 13.713 ;
; b[8]       ; flags[1]    ; 15.661 ; 15.661 ; 15.661 ; 15.661 ;
; b[8]       ; flags[2]    ; 15.193 ; 15.193 ; 15.193 ; 15.193 ;
; b[8]       ; r[8]        ; 12.853 ; 12.853 ; 12.853 ; 12.853 ;
; b[8]       ; r[9]        ; 13.353 ; 13.353 ; 13.353 ; 13.353 ;
; b[8]       ; r[10]       ; 12.645 ; 12.645 ; 12.645 ; 12.645 ;
; b[8]       ; r[11]       ; 13.129 ; 13.129 ; 13.129 ; 13.129 ;
; b[8]       ; r[12]       ; 13.232 ; 13.232 ; 13.232 ; 13.232 ;
; b[8]       ; r[13]       ; 13.349 ; 13.349 ; 13.349 ; 13.349 ;
; b[8]       ; r[14]       ; 13.464 ; 13.464 ; 13.464 ; 13.464 ;
; b[8]       ; r[15]       ; 14.197 ; 14.197 ; 14.197 ; 14.197 ;
; b[9]       ; flags[0]    ; 13.407 ; 13.407 ; 13.407 ; 13.407 ;
; b[9]       ; flags[1]    ; 15.355 ; 15.355 ; 15.355 ; 15.355 ;
; b[9]       ; flags[2]    ; 14.887 ; 14.887 ; 14.887 ; 14.887 ;
; b[9]       ; r[9]        ; 12.732 ; 12.732 ; 12.732 ; 12.732 ;
; b[9]       ; r[10]       ; 12.339 ; 12.339 ; 12.339 ; 12.339 ;
; b[9]       ; r[11]       ; 12.823 ; 12.823 ; 12.823 ; 12.823 ;
; b[9]       ; r[12]       ; 12.926 ; 12.926 ; 12.926 ; 12.926 ;
; b[9]       ; r[13]       ; 13.043 ; 13.043 ; 13.043 ; 13.043 ;
; b[9]       ; r[14]       ; 13.158 ; 13.158 ; 13.158 ; 13.158 ;
; b[9]       ; r[15]       ; 13.891 ; 13.891 ; 13.891 ; 13.891 ;
; b[10]      ; flags[0]    ; 13.363 ; 13.363 ; 13.363 ; 13.363 ;
; b[10]      ; flags[1]    ; 15.311 ; 15.311 ; 15.311 ; 15.311 ;
; b[10]      ; flags[2]    ; 14.843 ; 14.843 ; 14.843 ; 14.843 ;
; b[10]      ; r[10]       ; 11.980 ; 11.980 ; 11.980 ; 11.980 ;
; b[10]      ; r[11]       ; 12.779 ; 12.779 ; 12.779 ; 12.779 ;
; b[10]      ; r[12]       ; 12.882 ; 12.882 ; 12.882 ; 12.882 ;
; b[10]      ; r[13]       ; 12.999 ; 12.999 ; 12.999 ; 12.999 ;
; b[10]      ; r[14]       ; 13.114 ; 13.114 ; 13.114 ; 13.114 ;
; b[10]      ; r[15]       ; 13.847 ; 13.847 ; 13.847 ; 13.847 ;
; b[11]      ; flags[0]    ; 13.540 ; 13.540 ; 13.540 ; 13.540 ;
; b[11]      ; flags[1]    ; 15.488 ; 15.488 ; 15.488 ; 15.488 ;
; b[11]      ; flags[2]    ; 15.020 ; 15.020 ; 15.020 ; 15.020 ;
; b[11]      ; r[11]       ; 12.641 ; 12.641 ; 12.641 ; 12.641 ;
; b[11]      ; r[12]       ; 13.059 ; 13.059 ; 13.059 ; 13.059 ;
; b[11]      ; r[13]       ; 13.176 ; 13.176 ; 13.176 ; 13.176 ;
; b[11]      ; r[14]       ; 13.291 ; 13.291 ; 13.291 ; 13.291 ;
; b[11]      ; r[15]       ; 14.024 ; 14.024 ; 14.024 ; 14.024 ;
; b[12]      ; flags[0]    ; 13.451 ; 13.451 ; 13.451 ; 13.451 ;
; b[12]      ; flags[1]    ; 15.399 ; 15.399 ; 15.399 ; 15.399 ;
; b[12]      ; flags[2]    ; 14.931 ; 14.931 ; 14.931 ; 14.931 ;
; b[12]      ; r[12]       ; 12.654 ; 12.654 ; 12.654 ; 12.654 ;
; b[12]      ; r[13]       ; 13.087 ; 13.087 ; 13.087 ; 13.087 ;
; b[12]      ; r[14]       ; 13.202 ; 13.202 ; 13.202 ; 13.202 ;
; b[12]      ; r[15]       ; 13.935 ; 13.935 ; 13.935 ; 13.935 ;
; b[13]      ; flags[0]    ; 13.965 ; 13.965 ; 13.965 ; 13.965 ;
; b[13]      ; flags[1]    ; 15.913 ; 15.913 ; 15.913 ; 15.913 ;
; b[13]      ; flags[2]    ; 15.445 ; 15.445 ; 15.445 ; 15.445 ;
; b[13]      ; r[13]       ; 13.289 ; 13.289 ; 13.289 ; 13.289 ;
; b[13]      ; r[14]       ; 13.716 ; 13.716 ; 13.716 ; 13.716 ;
; b[13]      ; r[15]       ; 14.449 ; 14.449 ; 14.449 ; 14.449 ;
; b[14]      ; flags[0]    ; 13.603 ; 13.603 ; 13.603 ; 13.603 ;
; b[14]      ; flags[1]    ; 15.551 ; 15.551 ; 15.551 ; 15.551 ;
; b[14]      ; flags[2]    ; 15.083 ; 15.083 ; 15.083 ; 15.083 ;
; b[14]      ; r[14]       ; 13.037 ; 13.037 ; 13.037 ; 13.037 ;
; b[14]      ; r[15]       ; 14.087 ; 14.087 ; 14.087 ; 14.087 ;
; b[15]      ; flags[0]    ; 12.646 ; 12.646 ; 12.646 ; 12.646 ;
; b[15]      ; flags[1]    ; 14.591 ; 14.591 ; 14.591 ; 14.591 ;
; b[15]      ; flags[2]    ; 14.123 ; 14.123 ; 14.123 ; 14.123 ;
; b[15]      ; r[15]       ; 13.127 ; 13.127 ; 13.127 ; 13.127 ;
; op[0]      ; flags[0]    ; 16.300 ; 16.300 ; 16.300 ; 16.300 ;
; op[0]      ; flags[1]    ; 18.248 ; 18.248 ; 18.248 ; 18.248 ;
; op[0]      ; flags[2]    ; 17.780 ; 17.780 ; 17.780 ; 17.780 ;
; op[0]      ; r[0]        ; 14.619 ; 14.619 ; 14.619 ; 14.619 ;
; op[0]      ; r[1]        ; 14.775 ; 14.775 ; 14.775 ; 14.775 ;
; op[0]      ; r[2]        ; 14.845 ; 14.845 ; 14.845 ; 14.845 ;
; op[0]      ; r[3]        ; 14.969 ; 14.969 ; 14.969 ; 14.969 ;
; op[0]      ; r[4]        ; 16.076 ; 16.076 ; 16.076 ; 16.076 ;
; op[0]      ; r[5]        ; 15.084 ; 15.084 ; 15.084 ; 15.084 ;
; op[0]      ; r[6]        ; 15.103 ; 15.103 ; 15.103 ; 15.103 ;
; op[0]      ; r[7]        ; 15.514 ; 15.514 ; 15.514 ; 15.514 ;
; op[0]      ; r[8]        ; 15.755 ; 15.755 ; 15.755 ; 15.755 ;
; op[0]      ; r[9]        ; 15.940 ; 15.940 ; 15.940 ; 15.940 ;
; op[0]      ; r[10]       ; 15.232 ; 15.232 ; 15.232 ; 15.232 ;
; op[0]      ; r[11]       ; 15.716 ; 15.716 ; 15.716 ; 15.716 ;
; op[0]      ; r[12]       ; 15.819 ; 15.819 ; 15.819 ; 15.819 ;
; op[0]      ; r[13]       ; 15.936 ; 15.936 ; 15.936 ; 15.936 ;
; op[0]      ; r[14]       ; 16.051 ; 16.051 ; 16.051 ; 16.051 ;
; op[0]      ; r[15]       ; 16.784 ; 16.784 ; 16.784 ; 16.784 ;
; op[1]      ; flags[0]    ; 16.305 ; 16.305 ; 16.305 ; 16.305 ;
; op[1]      ; flags[1]    ; 18.253 ; 18.253 ; 18.253 ; 18.253 ;
; op[1]      ; flags[2]    ; 17.785 ; 17.785 ; 17.785 ; 17.785 ;
; op[1]      ; r[0]        ; 14.624 ; 14.624 ; 14.624 ; 14.624 ;
; op[1]      ; r[1]        ; 14.780 ; 14.780 ; 14.780 ; 14.780 ;
; op[1]      ; r[2]        ; 14.850 ; 14.850 ; 14.850 ; 14.850 ;
; op[1]      ; r[3]        ; 14.974 ; 14.974 ; 14.974 ; 14.974 ;
; op[1]      ; r[4]        ; 16.081 ; 16.081 ; 16.081 ; 16.081 ;
; op[1]      ; r[5]        ; 15.089 ; 15.089 ; 15.089 ; 15.089 ;
; op[1]      ; r[6]        ; 15.108 ; 15.108 ; 15.108 ; 15.108 ;
; op[1]      ; r[7]        ; 15.519 ; 15.519 ; 15.519 ; 15.519 ;
; op[1]      ; r[8]        ; 15.760 ; 15.760 ; 15.760 ; 15.760 ;
; op[1]      ; r[9]        ; 15.945 ; 15.945 ; 15.945 ; 15.945 ;
; op[1]      ; r[10]       ; 15.237 ; 15.237 ; 15.237 ; 15.237 ;
; op[1]      ; r[11]       ; 15.721 ; 15.721 ; 15.721 ; 15.721 ;
; op[1]      ; r[12]       ; 15.824 ; 15.824 ; 15.824 ; 15.824 ;
; op[1]      ; r[13]       ; 15.941 ; 15.941 ; 15.941 ; 15.941 ;
; op[1]      ; r[14]       ; 16.056 ; 16.056 ; 16.056 ; 16.056 ;
; op[1]      ; r[15]       ; 16.789 ; 16.789 ; 16.789 ; 16.789 ;
; op[2]      ; flags[0]    ; 15.573 ; 15.573 ; 15.573 ; 15.573 ;
; op[2]      ; flags[1]    ; 17.521 ; 17.521 ; 17.521 ; 17.521 ;
; op[2]      ; flags[2]    ; 17.053 ; 17.053 ; 17.053 ; 17.053 ;
; op[2]      ; r[0]        ; 13.892 ; 13.892 ; 13.892 ; 13.892 ;
; op[2]      ; r[1]        ; 14.048 ; 14.048 ; 14.048 ; 14.048 ;
; op[2]      ; r[2]        ; 14.118 ; 14.118 ; 14.118 ; 14.118 ;
; op[2]      ; r[3]        ; 14.242 ; 14.242 ; 14.242 ; 14.242 ;
; op[2]      ; r[4]        ; 15.349 ; 15.349 ; 15.349 ; 15.349 ;
; op[2]      ; r[5]        ; 14.357 ; 14.357 ; 14.357 ; 14.357 ;
; op[2]      ; r[6]        ; 14.376 ; 14.376 ; 14.376 ; 14.376 ;
; op[2]      ; r[7]        ; 14.787 ; 14.787 ; 14.787 ; 14.787 ;
; op[2]      ; r[8]        ; 15.028 ; 15.028 ; 15.028 ; 15.028 ;
; op[2]      ; r[9]        ; 15.213 ; 15.213 ; 15.213 ; 15.213 ;
; op[2]      ; r[10]       ; 14.505 ; 14.505 ; 14.505 ; 14.505 ;
; op[2]      ; r[11]       ; 14.989 ; 14.989 ; 14.989 ; 14.989 ;
; op[2]      ; r[12]       ; 15.092 ; 15.092 ; 15.092 ; 15.092 ;
; op[2]      ; r[13]       ; 15.209 ; 15.209 ; 15.209 ; 15.209 ;
; op[2]      ; r[14]       ; 15.324 ; 15.324 ; 15.324 ; 15.324 ;
; op[2]      ; r[15]       ; 16.057 ; 16.057 ; 16.057 ; 16.057 ;
; op[3]      ; flags[0]    ; 16.478 ; 16.478 ; 16.478 ; 16.478 ;
; op[3]      ; flags[1]    ; 18.426 ; 18.426 ; 18.426 ; 18.426 ;
; op[3]      ; flags[2]    ; 17.958 ; 17.958 ; 17.958 ; 17.958 ;
; op[3]      ; r[0]        ; 14.797 ; 14.797 ; 14.797 ; 14.797 ;
; op[3]      ; r[1]        ; 14.953 ; 14.953 ; 14.953 ; 14.953 ;
; op[3]      ; r[2]        ; 15.023 ; 15.023 ; 15.023 ; 15.023 ;
; op[3]      ; r[3]        ; 15.147 ; 15.147 ; 15.147 ; 15.147 ;
; op[3]      ; r[4]        ; 16.254 ; 16.254 ; 16.254 ; 16.254 ;
; op[3]      ; r[5]        ; 15.262 ; 15.262 ; 15.262 ; 15.262 ;
; op[3]      ; r[6]        ; 15.281 ; 15.281 ; 15.281 ; 15.281 ;
; op[3]      ; r[7]        ; 15.692 ; 15.692 ; 15.692 ; 15.692 ;
; op[3]      ; r[8]        ; 15.933 ; 15.933 ; 15.933 ; 15.933 ;
; op[3]      ; r[9]        ; 16.118 ; 16.118 ; 16.118 ; 16.118 ;
; op[3]      ; r[10]       ; 15.410 ; 15.410 ; 15.410 ; 15.410 ;
; op[3]      ; r[11]       ; 15.894 ; 15.894 ; 15.894 ; 15.894 ;
; op[3]      ; r[12]       ; 15.997 ; 15.997 ; 15.997 ; 15.997 ;
; op[3]      ; r[13]       ; 16.114 ; 16.114 ; 16.114 ; 16.114 ;
; op[3]      ; r[14]       ; 16.229 ; 16.229 ; 16.229 ; 16.229 ;
; op[3]      ; r[15]       ; 16.962 ; 16.962 ; 16.962 ; 16.962 ;
+------------+-------------+--------+--------+--------+--------+


+----------------------------------------------------------+
; Minimum Progagation Delay                                ;
+------------+-------------+-------+-------+-------+-------+
; Input Port ; Output Port ; RR    ; RF    ; FR    ; FF    ;
+------------+-------------+-------+-------+-------+-------+
; a[0]       ; flags[0]    ; 7.509 ; 7.509 ; 7.509 ; 7.509 ;
; a[0]       ; flags[1]    ; 7.627 ; 7.627 ; 7.627 ; 7.627 ;
; a[0]       ; flags[2]    ; 7.425 ; 7.425 ; 7.425 ; 7.425 ;
; a[0]       ; r[0]        ; 6.724 ; 6.724 ; 6.724 ; 6.724 ;
; a[0]       ; r[1]        ; 6.759 ; 6.759 ; 6.759 ; 6.759 ;
; a[0]       ; r[2]        ; 6.791 ; 6.791 ; 6.791 ; 6.791 ;
; a[0]       ; r[3]        ; 6.870 ; 6.870 ; 6.870 ; 6.870 ;
; a[0]       ; r[4]        ; 7.384 ; 7.384 ; 7.384 ; 7.384 ;
; a[0]       ; r[5]        ; 6.916 ; 6.916 ; 6.916 ; 6.916 ;
; a[0]       ; r[6]        ; 6.904 ; 6.904 ; 6.904 ; 6.904 ;
; a[0]       ; r[7]        ; 7.160 ; 7.160 ; 7.160 ; 7.160 ;
; a[0]       ; r[8]        ; 7.231 ; 7.231 ; 7.231 ; 7.231 ;
; a[0]       ; r[9]        ; 7.330 ; 7.330 ; 7.330 ; 7.330 ;
; a[0]       ; r[10]       ; 6.995 ; 6.995 ; 6.995 ; 6.995 ;
; a[0]       ; r[11]       ; 7.209 ; 7.209 ; 7.209 ; 7.209 ;
; a[0]       ; r[12]       ; 7.260 ; 7.260 ; 7.260 ; 7.260 ;
; a[0]       ; r[13]       ; 7.337 ; 7.337 ; 7.337 ; 7.337 ;
; a[0]       ; r[14]       ; 7.408 ; 7.408 ; 7.408 ; 7.408 ;
; a[0]       ; r[15]       ; 7.739 ; 7.739 ; 7.739 ; 7.739 ;
; a[1]       ; flags[0]    ; 7.485 ; 7.485 ; 7.485 ; 7.485 ;
; a[1]       ; flags[1]    ; 7.630 ; 7.630 ; 7.630 ; 7.630 ;
; a[1]       ; flags[2]    ; 7.428 ; 7.428 ; 7.428 ; 7.428 ;
; a[1]       ; r[1]        ; 6.632 ; 6.632 ; 6.632 ; 6.632 ;
; a[1]       ; r[2]        ; 6.767 ; 6.767 ; 6.767 ; 6.767 ;
; a[1]       ; r[3]        ; 6.846 ; 6.846 ; 6.846 ; 6.846 ;
; a[1]       ; r[4]        ; 7.360 ; 7.360 ; 7.360 ; 7.360 ;
; a[1]       ; r[5]        ; 6.892 ; 6.892 ; 6.892 ; 6.892 ;
; a[1]       ; r[6]        ; 6.880 ; 6.880 ; 6.880 ; 6.880 ;
; a[1]       ; r[7]        ; 7.136 ; 7.136 ; 7.136 ; 7.136 ;
; a[1]       ; r[8]        ; 7.207 ; 7.207 ; 7.207 ; 7.207 ;
; a[1]       ; r[9]        ; 7.306 ; 7.306 ; 7.306 ; 7.306 ;
; a[1]       ; r[10]       ; 6.971 ; 6.971 ; 6.971 ; 6.971 ;
; a[1]       ; r[11]       ; 7.185 ; 7.185 ; 7.185 ; 7.185 ;
; a[1]       ; r[12]       ; 7.236 ; 7.236 ; 7.236 ; 7.236 ;
; a[1]       ; r[13]       ; 7.313 ; 7.313 ; 7.313 ; 7.313 ;
; a[1]       ; r[14]       ; 7.384 ; 7.384 ; 7.384 ; 7.384 ;
; a[1]       ; r[15]       ; 7.715 ; 7.715 ; 7.715 ; 7.715 ;
; a[2]       ; flags[0]    ; 7.180 ; 7.180 ; 7.180 ; 7.180 ;
; a[2]       ; flags[1]    ; 7.325 ; 7.325 ; 7.325 ; 7.325 ;
; a[2]       ; flags[2]    ; 7.123 ; 7.123 ; 7.123 ; 7.123 ;
; a[2]       ; r[2]        ; 6.359 ; 6.359 ; 6.359 ; 6.359 ;
; a[2]       ; r[3]        ; 6.541 ; 6.541 ; 6.541 ; 6.541 ;
; a[2]       ; r[4]        ; 7.055 ; 7.055 ; 7.055 ; 7.055 ;
; a[2]       ; r[5]        ; 6.587 ; 6.587 ; 6.587 ; 6.587 ;
; a[2]       ; r[6]        ; 6.575 ; 6.575 ; 6.575 ; 6.575 ;
; a[2]       ; r[7]        ; 6.831 ; 6.831 ; 6.831 ; 6.831 ;
; a[2]       ; r[8]        ; 6.902 ; 6.902 ; 6.902 ; 6.902 ;
; a[2]       ; r[9]        ; 7.001 ; 7.001 ; 7.001 ; 7.001 ;
; a[2]       ; r[10]       ; 6.666 ; 6.666 ; 6.666 ; 6.666 ;
; a[2]       ; r[11]       ; 6.880 ; 6.880 ; 6.880 ; 6.880 ;
; a[2]       ; r[12]       ; 6.931 ; 6.931 ; 6.931 ; 6.931 ;
; a[2]       ; r[13]       ; 7.008 ; 7.008 ; 7.008 ; 7.008 ;
; a[2]       ; r[14]       ; 7.079 ; 7.079 ; 7.079 ; 7.079 ;
; a[2]       ; r[15]       ; 7.410 ; 7.410 ; 7.410 ; 7.410 ;
; a[3]       ; flags[0]    ; 7.270 ; 7.270 ; 7.270 ; 7.270 ;
; a[3]       ; flags[1]    ; 7.415 ; 7.415 ; 7.415 ; 7.415 ;
; a[3]       ; flags[2]    ; 7.213 ; 7.213 ; 7.213 ; 7.213 ;
; a[3]       ; r[3]        ; 6.528 ; 6.528 ; 6.528 ; 6.528 ;
; a[3]       ; r[4]        ; 7.145 ; 7.145 ; 7.145 ; 7.145 ;
; a[3]       ; r[5]        ; 6.677 ; 6.677 ; 6.677 ; 6.677 ;
; a[3]       ; r[6]        ; 6.665 ; 6.665 ; 6.665 ; 6.665 ;
; a[3]       ; r[7]        ; 6.921 ; 6.921 ; 6.921 ; 6.921 ;
; a[3]       ; r[8]        ; 6.992 ; 6.992 ; 6.992 ; 6.992 ;
; a[3]       ; r[9]        ; 7.091 ; 7.091 ; 7.091 ; 7.091 ;
; a[3]       ; r[10]       ; 6.756 ; 6.756 ; 6.756 ; 6.756 ;
; a[3]       ; r[11]       ; 6.970 ; 6.970 ; 6.970 ; 6.970 ;
; a[3]       ; r[12]       ; 7.021 ; 7.021 ; 7.021 ; 7.021 ;
; a[3]       ; r[13]       ; 7.098 ; 7.098 ; 7.098 ; 7.098 ;
; a[3]       ; r[14]       ; 7.169 ; 7.169 ; 7.169 ; 7.169 ;
; a[3]       ; r[15]       ; 7.500 ; 7.500 ; 7.500 ; 7.500 ;
; a[4]       ; flags[0]    ; 7.107 ; 7.107 ; 7.107 ; 7.107 ;
; a[4]       ; flags[1]    ; 7.252 ; 7.252 ; 7.252 ; 7.252 ;
; a[4]       ; flags[2]    ; 7.050 ; 7.050 ; 7.050 ; 7.050 ;
; a[4]       ; r[4]        ; 6.879 ; 6.879 ; 6.879 ; 6.879 ;
; a[4]       ; r[5]        ; 6.514 ; 6.514 ; 6.514 ; 6.514 ;
; a[4]       ; r[6]        ; 6.502 ; 6.502 ; 6.502 ; 6.502 ;
; a[4]       ; r[7]        ; 6.758 ; 6.758 ; 6.758 ; 6.758 ;
; a[4]       ; r[8]        ; 6.829 ; 6.829 ; 6.829 ; 6.829 ;
; a[4]       ; r[9]        ; 6.928 ; 6.928 ; 6.928 ; 6.928 ;
; a[4]       ; r[10]       ; 6.593 ; 6.593 ; 6.593 ; 6.593 ;
; a[4]       ; r[11]       ; 6.807 ; 6.807 ; 6.807 ; 6.807 ;
; a[4]       ; r[12]       ; 6.858 ; 6.858 ; 6.858 ; 6.858 ;
; a[4]       ; r[13]       ; 6.935 ; 6.935 ; 6.935 ; 6.935 ;
; a[4]       ; r[14]       ; 7.006 ; 7.006 ; 7.006 ; 7.006 ;
; a[4]       ; r[15]       ; 7.337 ; 7.337 ; 7.337 ; 7.337 ;
; a[5]       ; flags[0]    ; 7.194 ; 7.194 ; 7.194 ; 7.194 ;
; a[5]       ; flags[1]    ; 7.339 ; 7.339 ; 7.339 ; 7.339 ;
; a[5]       ; flags[2]    ; 7.137 ; 7.137 ; 7.137 ; 7.137 ;
; a[5]       ; r[5]        ; 6.498 ; 6.498 ; 6.498 ; 6.498 ;
; a[5]       ; r[6]        ; 6.589 ; 6.589 ; 6.589 ; 6.589 ;
; a[5]       ; r[7]        ; 6.845 ; 6.845 ; 6.845 ; 6.845 ;
; a[5]       ; r[8]        ; 6.916 ; 6.916 ; 6.916 ; 6.916 ;
; a[5]       ; r[9]        ; 7.015 ; 7.015 ; 7.015 ; 7.015 ;
; a[5]       ; r[10]       ; 6.680 ; 6.680 ; 6.680 ; 6.680 ;
; a[5]       ; r[11]       ; 6.894 ; 6.894 ; 6.894 ; 6.894 ;
; a[5]       ; r[12]       ; 6.945 ; 6.945 ; 6.945 ; 6.945 ;
; a[5]       ; r[13]       ; 7.022 ; 7.022 ; 7.022 ; 7.022 ;
; a[5]       ; r[14]       ; 7.093 ; 7.093 ; 7.093 ; 7.093 ;
; a[5]       ; r[15]       ; 7.424 ; 7.424 ; 7.424 ; 7.424 ;
; a[6]       ; flags[0]    ; 7.110 ; 7.110 ; 7.110 ; 7.110 ;
; a[6]       ; flags[1]    ; 7.157 ; 7.157 ; 7.157 ; 7.157 ;
; a[6]       ; flags[2]    ; 6.955 ; 6.955 ; 6.955 ; 6.955 ;
; a[6]       ; r[6]        ; 6.407 ; 6.407 ; 6.407 ; 6.407 ;
; a[6]       ; r[7]        ; 6.761 ; 6.761 ; 6.761 ; 6.761 ;
; a[6]       ; r[8]        ; 6.832 ; 6.832 ; 6.832 ; 6.832 ;
; a[6]       ; r[9]        ; 6.931 ; 6.931 ; 6.931 ; 6.931 ;
; a[6]       ; r[10]       ; 6.596 ; 6.596 ; 6.596 ; 6.596 ;
; a[6]       ; r[11]       ; 6.810 ; 6.810 ; 6.810 ; 6.810 ;
; a[6]       ; r[12]       ; 6.861 ; 6.861 ; 6.861 ; 6.861 ;
; a[6]       ; r[13]       ; 6.938 ; 6.938 ; 6.938 ; 6.938 ;
; a[6]       ; r[14]       ; 7.009 ; 7.009 ; 7.009 ; 7.009 ;
; a[6]       ; r[15]       ; 7.340 ; 7.340 ; 7.340 ; 7.340 ;
; a[7]       ; flags[0]    ; 7.400 ; 7.400 ; 7.400 ; 7.400 ;
; a[7]       ; flags[1]    ; 7.581 ; 7.581 ; 7.581 ; 7.581 ;
; a[7]       ; flags[2]    ; 7.359 ; 7.359 ; 7.359 ; 7.359 ;
; a[7]       ; r[7]        ; 6.946 ; 6.946 ; 6.946 ; 6.946 ;
; a[7]       ; r[8]        ; 7.122 ; 7.122 ; 7.122 ; 7.122 ;
; a[7]       ; r[9]        ; 7.221 ; 7.221 ; 7.221 ; 7.221 ;
; a[7]       ; r[10]       ; 6.886 ; 6.886 ; 6.886 ; 6.886 ;
; a[7]       ; r[11]       ; 7.100 ; 7.100 ; 7.100 ; 7.100 ;
; a[7]       ; r[12]       ; 7.151 ; 7.151 ; 7.151 ; 7.151 ;
; a[7]       ; r[13]       ; 7.228 ; 7.228 ; 7.228 ; 7.228 ;
; a[7]       ; r[14]       ; 7.299 ; 7.299 ; 7.299 ; 7.299 ;
; a[7]       ; r[15]       ; 7.630 ; 7.630 ; 7.630 ; 7.630 ;
; a[8]       ; flags[0]    ; 6.908 ; 6.908 ; 6.908 ; 6.908 ;
; a[8]       ; flags[1]    ; 6.984 ; 6.984 ; 6.984 ; 6.984 ;
; a[8]       ; flags[2]    ; 6.762 ; 6.762 ; 6.762 ; 6.762 ;
; a[8]       ; r[8]        ; 6.525 ; 6.525 ; 6.525 ; 6.525 ;
; a[8]       ; r[9]        ; 6.729 ; 6.729 ; 6.729 ; 6.729 ;
; a[8]       ; r[10]       ; 6.394 ; 6.394 ; 6.394 ; 6.394 ;
; a[8]       ; r[11]       ; 6.608 ; 6.608 ; 6.608 ; 6.608 ;
; a[8]       ; r[12]       ; 6.659 ; 6.659 ; 6.659 ; 6.659 ;
; a[8]       ; r[13]       ; 6.736 ; 6.736 ; 6.736 ; 6.736 ;
; a[8]       ; r[14]       ; 6.807 ; 6.807 ; 6.807 ; 6.807 ;
; a[8]       ; r[15]       ; 7.138 ; 7.138 ; 7.138 ; 7.138 ;
; a[9]       ; flags[0]    ; 6.820 ; 6.820 ; 6.820 ; 6.820 ;
; a[9]       ; flags[1]    ; 6.984 ; 6.984 ; 6.984 ; 6.984 ;
; a[9]       ; flags[2]    ; 6.762 ; 6.762 ; 6.762 ; 6.762 ;
; a[9]       ; r[9]        ; 6.536 ; 6.536 ; 6.536 ; 6.536 ;
; a[9]       ; r[10]       ; 6.306 ; 6.306 ; 6.306 ; 6.306 ;
; a[9]       ; r[11]       ; 6.520 ; 6.520 ; 6.520 ; 6.520 ;
; a[9]       ; r[12]       ; 6.571 ; 6.571 ; 6.571 ; 6.571 ;
; a[9]       ; r[13]       ; 6.648 ; 6.648 ; 6.648 ; 6.648 ;
; a[9]       ; r[14]       ; 6.719 ; 6.719 ; 6.719 ; 6.719 ;
; a[9]       ; r[15]       ; 7.050 ; 7.050 ; 7.050 ; 7.050 ;
; a[10]      ; flags[0]    ; 6.973 ; 6.973 ; 6.973 ; 6.973 ;
; a[10]      ; flags[1]    ; 7.255 ; 7.255 ; 7.255 ; 7.255 ;
; a[10]      ; flags[2]    ; 7.033 ; 7.033 ; 7.033 ; 7.033 ;
; a[10]      ; r[10]       ; 6.354 ; 6.354 ; 6.354 ; 6.354 ;
; a[10]      ; r[11]       ; 6.673 ; 6.673 ; 6.673 ; 6.673 ;
; a[10]      ; r[12]       ; 6.724 ; 6.724 ; 6.724 ; 6.724 ;
; a[10]      ; r[13]       ; 6.801 ; 6.801 ; 6.801 ; 6.801 ;
; a[10]      ; r[14]       ; 6.872 ; 6.872 ; 6.872 ; 6.872 ;
; a[10]      ; r[15]       ; 7.203 ; 7.203 ; 7.203 ; 7.203 ;
; a[11]      ; flags[0]    ; 7.041 ; 7.041 ; 7.041 ; 7.041 ;
; a[11]      ; flags[1]    ; 7.344 ; 7.344 ; 7.344 ; 7.344 ;
; a[11]      ; flags[2]    ; 7.122 ; 7.122 ; 7.122 ; 7.122 ;
; a[11]      ; r[11]       ; 6.636 ; 6.636 ; 6.636 ; 6.636 ;
; a[11]      ; r[12]       ; 6.792 ; 6.792 ; 6.792 ; 6.792 ;
; a[11]      ; r[13]       ; 6.869 ; 6.869 ; 6.869 ; 6.869 ;
; a[11]      ; r[14]       ; 6.940 ; 6.940 ; 6.940 ; 6.940 ;
; a[11]      ; r[15]       ; 7.271 ; 7.271 ; 7.271 ; 7.271 ;
; a[12]      ; flags[0]    ; 6.569 ; 6.569 ; 6.569 ; 6.569 ;
; a[12]      ; flags[1]    ; 6.795 ; 6.795 ; 6.795 ; 6.795 ;
; a[12]      ; flags[2]    ; 6.573 ; 6.573 ; 6.573 ; 6.573 ;
; a[12]      ; r[12]       ; 6.217 ; 6.217 ; 6.217 ; 6.217 ;
; a[12]      ; r[13]       ; 6.397 ; 6.397 ; 6.397 ; 6.397 ;
; a[12]      ; r[14]       ; 6.468 ; 6.468 ; 6.468 ; 6.468 ;
; a[12]      ; r[15]       ; 6.799 ; 6.799 ; 6.799 ; 6.799 ;
; a[13]      ; flags[0]    ; 6.743 ; 6.743 ; 6.743 ; 6.743 ;
; a[13]      ; flags[1]    ; 7.139 ; 7.139 ; 7.139 ; 7.139 ;
; a[13]      ; flags[2]    ; 6.917 ; 6.917 ; 6.917 ; 6.917 ;
; a[13]      ; r[13]       ; 6.468 ; 6.468 ; 6.468 ; 6.468 ;
; a[13]      ; r[14]       ; 6.642 ; 6.642 ; 6.642 ; 6.642 ;
; a[13]      ; r[15]       ; 6.973 ; 6.973 ; 6.973 ; 6.973 ;
; a[14]      ; flags[0]    ; 6.959 ; 6.959 ; 6.959 ; 6.959 ;
; a[14]      ; flags[1]    ; 7.310 ; 7.310 ; 7.310 ; 7.310 ;
; a[14]      ; flags[2]    ; 7.088 ; 7.088 ; 7.088 ; 7.088 ;
; a[14]      ; r[14]       ; 6.758 ; 6.758 ; 6.758 ; 6.758 ;
; a[14]      ; r[15]       ; 7.189 ; 7.189 ; 7.189 ; 7.189 ;
; a[15]      ; flags[0]    ; 6.171 ; 6.171 ; 6.171 ; 6.171 ;
; a[15]      ; flags[1]    ; 7.056 ; 7.056 ; 7.056 ; 7.056 ;
; a[15]      ; flags[2]    ; 6.833 ; 6.833 ; 6.833 ; 6.833 ;
; a[15]      ; r[15]       ; 6.401 ; 6.401 ; 6.401 ; 6.401 ;
; b[0]       ; flags[0]    ; 7.538 ; 7.538 ; 7.538 ; 7.538 ;
; b[0]       ; flags[1]    ; 7.656 ; 7.656 ; 7.656 ; 7.656 ;
; b[0]       ; flags[2]    ; 7.454 ; 7.454 ; 7.454 ; 7.454 ;
; b[0]       ; r[0]        ; 6.753 ; 6.753 ; 6.753 ; 6.753 ;
; b[0]       ; r[1]        ; 6.788 ; 6.788 ; 6.788 ; 6.788 ;
; b[0]       ; r[2]        ; 6.820 ; 6.820 ; 6.820 ; 6.820 ;
; b[0]       ; r[3]        ; 6.899 ; 6.899 ; 6.899 ; 6.899 ;
; b[0]       ; r[4]        ; 7.413 ; 7.413 ; 7.413 ; 7.413 ;
; b[0]       ; r[5]        ; 6.945 ; 6.945 ; 6.945 ; 6.945 ;
; b[0]       ; r[6]        ; 6.933 ; 6.933 ; 6.933 ; 6.933 ;
; b[0]       ; r[7]        ; 7.189 ; 7.189 ; 7.189 ; 7.189 ;
; b[0]       ; r[8]        ; 7.260 ; 7.260 ; 7.260 ; 7.260 ;
; b[0]       ; r[9]        ; 7.359 ; 7.359 ; 7.359 ; 7.359 ;
; b[0]       ; r[10]       ; 7.024 ; 7.024 ; 7.024 ; 7.024 ;
; b[0]       ; r[11]       ; 7.238 ; 7.238 ; 7.238 ; 7.238 ;
; b[0]       ; r[12]       ; 7.289 ; 7.289 ; 7.289 ; 7.289 ;
; b[0]       ; r[13]       ; 7.366 ; 7.366 ; 7.366 ; 7.366 ;
; b[0]       ; r[14]       ; 7.437 ; 7.437 ; 7.437 ; 7.437 ;
; b[0]       ; r[15]       ; 7.768 ; 7.768 ; 7.768 ; 7.768 ;
; b[1]       ; flags[0]    ; 7.409 ; 7.409 ; 7.409 ; 7.409 ;
; b[1]       ; flags[1]    ; 7.554 ; 7.554 ; 7.554 ; 7.554 ;
; b[1]       ; flags[2]    ; 7.352 ; 7.352 ; 7.352 ; 7.352 ;
; b[1]       ; r[1]        ; 6.556 ; 6.556 ; 6.556 ; 6.556 ;
; b[1]       ; r[2]        ; 6.691 ; 6.691 ; 6.691 ; 6.691 ;
; b[1]       ; r[3]        ; 6.770 ; 6.770 ; 6.770 ; 6.770 ;
; b[1]       ; r[4]        ; 7.284 ; 7.284 ; 7.284 ; 7.284 ;
; b[1]       ; r[5]        ; 6.816 ; 6.816 ; 6.816 ; 6.816 ;
; b[1]       ; r[6]        ; 6.804 ; 6.804 ; 6.804 ; 6.804 ;
; b[1]       ; r[7]        ; 7.060 ; 7.060 ; 7.060 ; 7.060 ;
; b[1]       ; r[8]        ; 7.131 ; 7.131 ; 7.131 ; 7.131 ;
; b[1]       ; r[9]        ; 7.230 ; 7.230 ; 7.230 ; 7.230 ;
; b[1]       ; r[10]       ; 6.895 ; 6.895 ; 6.895 ; 6.895 ;
; b[1]       ; r[11]       ; 7.109 ; 7.109 ; 7.109 ; 7.109 ;
; b[1]       ; r[12]       ; 7.160 ; 7.160 ; 7.160 ; 7.160 ;
; b[1]       ; r[13]       ; 7.237 ; 7.237 ; 7.237 ; 7.237 ;
; b[1]       ; r[14]       ; 7.308 ; 7.308 ; 7.308 ; 7.308 ;
; b[1]       ; r[15]       ; 7.639 ; 7.639 ; 7.639 ; 7.639 ;
; b[2]       ; flags[0]    ; 7.298 ; 7.298 ; 7.298 ; 7.298 ;
; b[2]       ; flags[1]    ; 7.443 ; 7.443 ; 7.443 ; 7.443 ;
; b[2]       ; flags[2]    ; 7.241 ; 7.241 ; 7.241 ; 7.241 ;
; b[2]       ; r[2]        ; 6.477 ; 6.477 ; 6.477 ; 6.477 ;
; b[2]       ; r[3]        ; 6.659 ; 6.659 ; 6.659 ; 6.659 ;
; b[2]       ; r[4]        ; 7.173 ; 7.173 ; 7.173 ; 7.173 ;
; b[2]       ; r[5]        ; 6.705 ; 6.705 ; 6.705 ; 6.705 ;
; b[2]       ; r[6]        ; 6.693 ; 6.693 ; 6.693 ; 6.693 ;
; b[2]       ; r[7]        ; 6.949 ; 6.949 ; 6.949 ; 6.949 ;
; b[2]       ; r[8]        ; 7.020 ; 7.020 ; 7.020 ; 7.020 ;
; b[2]       ; r[9]        ; 7.119 ; 7.119 ; 7.119 ; 7.119 ;
; b[2]       ; r[10]       ; 6.784 ; 6.784 ; 6.784 ; 6.784 ;
; b[2]       ; r[11]       ; 6.998 ; 6.998 ; 6.998 ; 6.998 ;
; b[2]       ; r[12]       ; 7.049 ; 7.049 ; 7.049 ; 7.049 ;
; b[2]       ; r[13]       ; 7.126 ; 7.126 ; 7.126 ; 7.126 ;
; b[2]       ; r[14]       ; 7.197 ; 7.197 ; 7.197 ; 7.197 ;
; b[2]       ; r[15]       ; 7.528 ; 7.528 ; 7.528 ; 7.528 ;
; b[3]       ; flags[0]    ; 7.406 ; 7.406 ; 7.406 ; 7.406 ;
; b[3]       ; flags[1]    ; 7.551 ; 7.551 ; 7.551 ; 7.551 ;
; b[3]       ; flags[2]    ; 7.349 ; 7.349 ; 7.349 ; 7.349 ;
; b[3]       ; r[3]        ; 6.664 ; 6.664 ; 6.664 ; 6.664 ;
; b[3]       ; r[4]        ; 7.281 ; 7.281 ; 7.281 ; 7.281 ;
; b[3]       ; r[5]        ; 6.813 ; 6.813 ; 6.813 ; 6.813 ;
; b[3]       ; r[6]        ; 6.801 ; 6.801 ; 6.801 ; 6.801 ;
; b[3]       ; r[7]        ; 7.057 ; 7.057 ; 7.057 ; 7.057 ;
; b[3]       ; r[8]        ; 7.128 ; 7.128 ; 7.128 ; 7.128 ;
; b[3]       ; r[9]        ; 7.227 ; 7.227 ; 7.227 ; 7.227 ;
; b[3]       ; r[10]       ; 6.892 ; 6.892 ; 6.892 ; 6.892 ;
; b[3]       ; r[11]       ; 7.106 ; 7.106 ; 7.106 ; 7.106 ;
; b[3]       ; r[12]       ; 7.157 ; 7.157 ; 7.157 ; 7.157 ;
; b[3]       ; r[13]       ; 7.234 ; 7.234 ; 7.234 ; 7.234 ;
; b[3]       ; r[14]       ; 7.305 ; 7.305 ; 7.305 ; 7.305 ;
; b[3]       ; r[15]       ; 7.636 ; 7.636 ; 7.636 ; 7.636 ;
; b[4]       ; flags[0]    ; 7.516 ; 7.516 ; 7.516 ; 7.516 ;
; b[4]       ; flags[1]    ; 7.661 ; 7.661 ; 7.661 ; 7.661 ;
; b[4]       ; flags[2]    ; 7.459 ; 7.459 ; 7.459 ; 7.459 ;
; b[4]       ; r[4]        ; 7.288 ; 7.288 ; 7.288 ; 7.288 ;
; b[4]       ; r[5]        ; 6.923 ; 6.923 ; 6.923 ; 6.923 ;
; b[4]       ; r[6]        ; 6.911 ; 6.911 ; 6.911 ; 6.911 ;
; b[4]       ; r[7]        ; 7.167 ; 7.167 ; 7.167 ; 7.167 ;
; b[4]       ; r[8]        ; 7.238 ; 7.238 ; 7.238 ; 7.238 ;
; b[4]       ; r[9]        ; 7.337 ; 7.337 ; 7.337 ; 7.337 ;
; b[4]       ; r[10]       ; 7.002 ; 7.002 ; 7.002 ; 7.002 ;
; b[4]       ; r[11]       ; 7.216 ; 7.216 ; 7.216 ; 7.216 ;
; b[4]       ; r[12]       ; 7.267 ; 7.267 ; 7.267 ; 7.267 ;
; b[4]       ; r[13]       ; 7.344 ; 7.344 ; 7.344 ; 7.344 ;
; b[4]       ; r[14]       ; 7.415 ; 7.415 ; 7.415 ; 7.415 ;
; b[4]       ; r[15]       ; 7.746 ; 7.746 ; 7.746 ; 7.746 ;
; b[5]       ; flags[0]    ; 7.152 ; 7.152 ; 7.152 ; 7.152 ;
; b[5]       ; flags[1]    ; 7.297 ; 7.297 ; 7.297 ; 7.297 ;
; b[5]       ; flags[2]    ; 7.095 ; 7.095 ; 7.095 ; 7.095 ;
; b[5]       ; r[5]        ; 6.456 ; 6.456 ; 6.456 ; 6.456 ;
; b[5]       ; r[6]        ; 6.547 ; 6.547 ; 6.547 ; 6.547 ;
; b[5]       ; r[7]        ; 6.803 ; 6.803 ; 6.803 ; 6.803 ;
; b[5]       ; r[8]        ; 6.874 ; 6.874 ; 6.874 ; 6.874 ;
; b[5]       ; r[9]        ; 6.973 ; 6.973 ; 6.973 ; 6.973 ;
; b[5]       ; r[10]       ; 6.638 ; 6.638 ; 6.638 ; 6.638 ;
; b[5]       ; r[11]       ; 6.852 ; 6.852 ; 6.852 ; 6.852 ;
; b[5]       ; r[12]       ; 6.903 ; 6.903 ; 6.903 ; 6.903 ;
; b[5]       ; r[13]       ; 6.980 ; 6.980 ; 6.980 ; 6.980 ;
; b[5]       ; r[14]       ; 7.051 ; 7.051 ; 7.051 ; 7.051 ;
; b[5]       ; r[15]       ; 7.382 ; 7.382 ; 7.382 ; 7.382 ;
; b[6]       ; flags[0]    ; 7.354 ; 7.354 ; 7.354 ; 7.354 ;
; b[6]       ; flags[1]    ; 7.401 ; 7.401 ; 7.401 ; 7.401 ;
; b[6]       ; flags[2]    ; 7.199 ; 7.199 ; 7.199 ; 7.199 ;
; b[6]       ; r[6]        ; 6.651 ; 6.651 ; 6.651 ; 6.651 ;
; b[6]       ; r[7]        ; 7.005 ; 7.005 ; 7.005 ; 7.005 ;
; b[6]       ; r[8]        ; 7.076 ; 7.076 ; 7.076 ; 7.076 ;
; b[6]       ; r[9]        ; 7.175 ; 7.175 ; 7.175 ; 7.175 ;
; b[6]       ; r[10]       ; 6.840 ; 6.840 ; 6.840 ; 6.840 ;
; b[6]       ; r[11]       ; 7.054 ; 7.054 ; 7.054 ; 7.054 ;
; b[6]       ; r[12]       ; 7.105 ; 7.105 ; 7.105 ; 7.105 ;
; b[6]       ; r[13]       ; 7.182 ; 7.182 ; 7.182 ; 7.182 ;
; b[6]       ; r[14]       ; 7.253 ; 7.253 ; 7.253 ; 7.253 ;
; b[6]       ; r[15]       ; 7.584 ; 7.584 ; 7.584 ; 7.584 ;
; b[7]       ; flags[0]    ; 7.188 ; 7.188 ; 7.188 ; 7.188 ;
; b[7]       ; flags[1]    ; 7.369 ; 7.369 ; 7.369 ; 7.369 ;
; b[7]       ; flags[2]    ; 7.147 ; 7.147 ; 7.147 ; 7.147 ;
; b[7]       ; r[7]        ; 6.736 ; 6.736 ; 6.736 ; 6.736 ;
; b[7]       ; r[8]        ; 6.910 ; 6.910 ; 6.910 ; 6.910 ;
; b[7]       ; r[9]        ; 7.009 ; 7.009 ; 7.009 ; 7.009 ;
; b[7]       ; r[10]       ; 6.674 ; 6.674 ; 6.674 ; 6.674 ;
; b[7]       ; r[11]       ; 6.888 ; 6.888 ; 6.888 ; 6.888 ;
; b[7]       ; r[12]       ; 6.939 ; 6.939 ; 6.939 ; 6.939 ;
; b[7]       ; r[13]       ; 7.016 ; 7.016 ; 7.016 ; 7.016 ;
; b[7]       ; r[14]       ; 7.087 ; 7.087 ; 7.087 ; 7.087 ;
; b[7]       ; r[15]       ; 7.418 ; 7.418 ; 7.418 ; 7.418 ;
; b[8]       ; flags[0]    ; 7.063 ; 7.063 ; 7.063 ; 7.063 ;
; b[8]       ; flags[1]    ; 7.141 ; 7.141 ; 7.141 ; 7.141 ;
; b[8]       ; flags[2]    ; 6.919 ; 6.919 ; 6.919 ; 6.919 ;
; b[8]       ; r[8]        ; 6.682 ; 6.682 ; 6.682 ; 6.682 ;
; b[8]       ; r[9]        ; 6.884 ; 6.884 ; 6.884 ; 6.884 ;
; b[8]       ; r[10]       ; 6.549 ; 6.549 ; 6.549 ; 6.549 ;
; b[8]       ; r[11]       ; 6.763 ; 6.763 ; 6.763 ; 6.763 ;
; b[8]       ; r[12]       ; 6.814 ; 6.814 ; 6.814 ; 6.814 ;
; b[8]       ; r[13]       ; 6.891 ; 6.891 ; 6.891 ; 6.891 ;
; b[8]       ; r[14]       ; 6.962 ; 6.962 ; 6.962 ; 6.962 ;
; b[8]       ; r[15]       ; 7.293 ; 7.293 ; 7.293 ; 7.293 ;
; b[9]       ; flags[0]    ; 6.931 ; 6.931 ; 6.931 ; 6.931 ;
; b[9]       ; flags[1]    ; 7.097 ; 7.097 ; 7.097 ; 7.097 ;
; b[9]       ; flags[2]    ; 6.875 ; 6.875 ; 6.875 ; 6.875 ;
; b[9]       ; r[9]        ; 6.649 ; 6.649 ; 6.649 ; 6.649 ;
; b[9]       ; r[10]       ; 6.417 ; 6.417 ; 6.417 ; 6.417 ;
; b[9]       ; r[11]       ; 6.631 ; 6.631 ; 6.631 ; 6.631 ;
; b[9]       ; r[12]       ; 6.682 ; 6.682 ; 6.682 ; 6.682 ;
; b[9]       ; r[13]       ; 6.759 ; 6.759 ; 6.759 ; 6.759 ;
; b[9]       ; r[14]       ; 6.830 ; 6.830 ; 6.830 ; 6.830 ;
; b[9]       ; r[15]       ; 7.161 ; 7.161 ; 7.161 ; 7.161 ;
; b[10]      ; flags[0]    ; 6.954 ; 6.954 ; 6.954 ; 6.954 ;
; b[10]      ; flags[1]    ; 7.236 ; 7.236 ; 7.236 ; 7.236 ;
; b[10]      ; flags[2]    ; 7.014 ; 7.014 ; 7.014 ; 7.014 ;
; b[10]      ; r[10]       ; 6.335 ; 6.335 ; 6.335 ; 6.335 ;
; b[10]      ; r[11]       ; 6.654 ; 6.654 ; 6.654 ; 6.654 ;
; b[10]      ; r[12]       ; 6.705 ; 6.705 ; 6.705 ; 6.705 ;
; b[10]      ; r[13]       ; 6.782 ; 6.782 ; 6.782 ; 6.782 ;
; b[10]      ; r[14]       ; 6.853 ; 6.853 ; 6.853 ; 6.853 ;
; b[10]      ; r[15]       ; 7.184 ; 7.184 ; 7.184 ; 7.184 ;
; b[11]      ; flags[0]    ; 6.883 ; 6.883 ; 6.883 ; 6.883 ;
; b[11]      ; flags[1]    ; 7.188 ; 7.188 ; 7.188 ; 7.188 ;
; b[11]      ; flags[2]    ; 6.966 ; 6.966 ; 6.966 ; 6.966 ;
; b[11]      ; r[11]       ; 6.480 ; 6.480 ; 6.480 ; 6.480 ;
; b[11]      ; r[12]       ; 6.634 ; 6.634 ; 6.634 ; 6.634 ;
; b[11]      ; r[13]       ; 6.711 ; 6.711 ; 6.711 ; 6.711 ;
; b[11]      ; r[14]       ; 6.782 ; 6.782 ; 6.782 ; 6.782 ;
; b[11]      ; r[15]       ; 7.113 ; 7.113 ; 7.113 ; 7.113 ;
; b[12]      ; flags[0]    ; 6.995 ; 6.995 ; 6.995 ; 6.995 ;
; b[12]      ; flags[1]    ; 7.219 ; 7.219 ; 7.219 ; 7.219 ;
; b[12]      ; flags[2]    ; 6.997 ; 6.997 ; 6.997 ; 6.997 ;
; b[12]      ; r[12]       ; 6.641 ; 6.641 ; 6.641 ; 6.641 ;
; b[12]      ; r[13]       ; 6.823 ; 6.823 ; 6.823 ; 6.823 ;
; b[12]      ; r[14]       ; 6.894 ; 6.894 ; 6.894 ; 6.894 ;
; b[12]      ; r[15]       ; 7.225 ; 7.225 ; 7.225 ; 7.225 ;
; b[13]      ; flags[0]    ; 7.104 ; 7.104 ; 7.104 ; 7.104 ;
; b[13]      ; flags[1]    ; 7.498 ; 7.498 ; 7.498 ; 7.498 ;
; b[13]      ; flags[2]    ; 7.276 ; 7.276 ; 7.276 ; 7.276 ;
; b[13]      ; r[13]       ; 6.827 ; 6.827 ; 6.827 ; 6.827 ;
; b[13]      ; r[14]       ; 7.003 ; 7.003 ; 7.003 ; 7.003 ;
; b[13]      ; r[15]       ; 7.334 ; 7.334 ; 7.334 ; 7.334 ;
; b[14]      ; flags[0]    ; 6.911 ; 6.911 ; 6.911 ; 6.911 ;
; b[14]      ; flags[1]    ; 7.263 ; 7.263 ; 7.263 ; 7.263 ;
; b[14]      ; flags[2]    ; 7.041 ; 7.041 ; 7.041 ; 7.041 ;
; b[14]      ; r[14]       ; 6.711 ; 6.711 ; 6.711 ; 6.711 ;
; b[14]      ; r[15]       ; 7.141 ; 7.141 ; 7.141 ; 7.141 ;
; b[15]      ; flags[0]    ; 6.094 ; 6.094 ; 6.094 ; 6.094 ;
; b[15]      ; flags[1]    ; 6.979 ; 6.979 ; 6.979 ; 6.979 ;
; b[15]      ; flags[2]    ; 6.756 ; 6.756 ; 6.756 ; 6.756 ;
; b[15]      ; r[15]       ; 6.324 ; 6.324 ; 6.324 ; 6.324 ;
; op[0]      ; flags[0]    ; 5.888 ; 5.888 ; 5.888 ; 5.888 ;
; op[0]      ; flags[1]    ; 6.773 ; 6.773 ; 6.773 ; 6.773 ;
; op[0]      ; flags[2]    ; 6.550 ; 6.550 ; 6.550 ; 6.550 ;
; op[0]      ; r[0]        ; 6.900 ; 6.900 ; 6.900 ; 6.900 ;
; op[0]      ; r[1]        ; 6.790 ; 6.790 ; 6.790 ; 6.790 ;
; op[0]      ; r[2]        ; 6.662 ; 6.662 ; 6.662 ; 6.662 ;
; op[0]      ; r[3]        ; 6.672 ; 6.672 ; 6.672 ; 6.672 ;
; op[0]      ; r[4]        ; 7.291 ; 7.291 ; 7.291 ; 7.291 ;
; op[0]      ; r[5]        ; 6.823 ; 6.823 ; 6.823 ; 6.823 ;
; op[0]      ; r[6]        ; 6.797 ; 6.797 ; 6.797 ; 6.797 ;
; op[0]      ; r[7]        ; 6.817 ; 6.817 ; 6.817 ; 6.817 ;
; op[0]      ; r[8]        ; 6.540 ; 6.540 ; 6.540 ; 6.540 ;
; op[0]      ; r[9]        ; 6.610 ; 6.610 ; 6.610 ; 6.610 ;
; op[0]      ; r[10]       ; 6.378 ; 6.378 ; 6.378 ; 6.378 ;
; op[0]      ; r[11]       ; 6.592 ; 6.592 ; 6.592 ; 6.592 ;
; op[0]      ; r[12]       ; 6.643 ; 6.643 ; 6.643 ; 6.643 ;
; op[0]      ; r[13]       ; 6.720 ; 6.720 ; 6.720 ; 6.720 ;
; op[0]      ; r[14]       ; 6.791 ; 6.791 ; 6.791 ; 6.791 ;
; op[0]      ; r[15]       ; 6.118 ; 6.118 ; 6.118 ; 6.118 ;
; op[1]      ; flags[0]    ; 5.826 ; 5.826 ; 5.826 ; 5.826 ;
; op[1]      ; flags[1]    ; 6.711 ; 6.711 ; 6.711 ; 6.711 ;
; op[1]      ; flags[2]    ; 6.488 ; 6.488 ; 6.488 ; 6.488 ;
; op[1]      ; r[0]        ; 6.119 ; 6.119 ; 6.119 ; 6.119 ;
; op[1]      ; r[1]        ; 6.049 ; 6.049 ; 6.049 ; 6.049 ;
; op[1]      ; r[2]        ; 6.081 ; 6.081 ; 6.081 ; 6.081 ;
; op[1]      ; r[3]        ; 6.160 ; 6.160 ; 6.160 ; 6.160 ;
; op[1]      ; r[4]        ; 6.674 ; 6.674 ; 6.674 ; 6.674 ;
; op[1]      ; r[5]        ; 6.206 ; 6.206 ; 6.206 ; 6.206 ;
; op[1]      ; r[6]        ; 6.194 ; 6.194 ; 6.194 ; 6.194 ;
; op[1]      ; r[7]        ; 6.450 ; 6.450 ; 6.450 ; 6.450 ;
; op[1]      ; r[8]        ; 6.521 ; 6.521 ; 6.521 ; 6.521 ;
; op[1]      ; r[9]        ; 6.620 ; 6.620 ; 6.620 ; 6.620 ;
; op[1]      ; r[10]       ; 6.285 ; 6.285 ; 6.285 ; 6.285 ;
; op[1]      ; r[11]       ; 6.499 ; 6.499 ; 6.499 ; 6.499 ;
; op[1]      ; r[12]       ; 6.550 ; 6.550 ; 6.550 ; 6.550 ;
; op[1]      ; r[13]       ; 6.627 ; 6.627 ; 6.627 ; 6.627 ;
; op[1]      ; r[14]       ; 6.698 ; 6.698 ; 6.698 ; 6.698 ;
; op[1]      ; r[15]       ; 6.056 ; 6.056 ; 6.056 ; 6.056 ;
; op[2]      ; flags[0]    ; 5.858 ; 5.858 ; 5.858 ; 5.858 ;
; op[2]      ; flags[1]    ; 6.743 ; 6.743 ; 6.743 ; 6.743 ;
; op[2]      ; flags[2]    ; 6.520 ; 6.520 ; 6.520 ; 6.520 ;
; op[2]      ; r[0]        ; 6.439 ; 6.439 ; 6.439 ; 6.439 ;
; op[2]      ; r[1]        ; 6.369 ; 6.369 ; 6.369 ; 6.369 ;
; op[2]      ; r[2]        ; 6.401 ; 6.401 ; 6.401 ; 6.401 ;
; op[2]      ; r[3]        ; 6.480 ; 6.480 ; 6.480 ; 6.480 ;
; op[2]      ; r[4]        ; 6.994 ; 6.994 ; 6.994 ; 6.994 ;
; op[2]      ; r[5]        ; 6.526 ; 6.526 ; 6.526 ; 6.526 ;
; op[2]      ; r[6]        ; 6.442 ; 6.442 ; 6.442 ; 6.442 ;
; op[2]      ; r[7]        ; 6.725 ; 6.725 ; 6.725 ; 6.725 ;
; op[2]      ; r[8]        ; 6.558 ; 6.558 ; 6.558 ; 6.558 ;
; op[2]      ; r[9]        ; 6.629 ; 6.629 ; 6.629 ; 6.629 ;
; op[2]      ; r[10]       ; 6.397 ; 6.397 ; 6.397 ; 6.397 ;
; op[2]      ; r[11]       ; 6.611 ; 6.611 ; 6.611 ; 6.611 ;
; op[2]      ; r[12]       ; 6.662 ; 6.662 ; 6.662 ; 6.662 ;
; op[2]      ; r[13]       ; 6.739 ; 6.739 ; 6.739 ; 6.739 ;
; op[2]      ; r[14]       ; 6.641 ; 6.641 ; 6.641 ; 6.641 ;
; op[2]      ; r[15]       ; 6.088 ; 6.088 ; 6.088 ; 6.088 ;
; op[3]      ; flags[0]    ; 5.707 ; 5.707 ; 5.707 ; 5.707 ;
; op[3]      ; flags[1]    ; 6.592 ; 6.592 ; 6.592 ; 6.592 ;
; op[3]      ; flags[2]    ; 6.369 ; 6.369 ; 6.369 ; 6.369 ;
; op[3]      ; r[0]        ; 6.497 ; 6.497 ; 6.497 ; 6.497 ;
; op[3]      ; r[1]        ; 6.393 ; 6.393 ; 6.393 ; 6.393 ;
; op[3]      ; r[2]        ; 6.269 ; 6.269 ; 6.269 ; 6.269 ;
; op[3]      ; r[3]        ; 6.453 ; 6.453 ; 6.453 ; 6.453 ;
; op[3]      ; r[4]        ; 6.847 ; 6.847 ; 6.847 ; 6.847 ;
; op[3]      ; r[5]        ; 6.484 ; 6.484 ; 6.484 ; 6.484 ;
; op[3]      ; r[6]        ; 6.343 ; 6.343 ; 6.343 ; 6.343 ;
; op[3]      ; r[7]        ; 6.399 ; 6.399 ; 6.399 ; 6.399 ;
; op[3]      ; r[8]        ; 6.427 ; 6.427 ; 6.427 ; 6.427 ;
; op[3]      ; r[9]        ; 6.492 ; 6.492 ; 6.492 ; 6.492 ;
; op[3]      ; r[10]       ; 6.132 ; 6.132 ; 6.132 ; 6.132 ;
; op[3]      ; r[11]       ; 6.239 ; 6.239 ; 6.239 ; 6.239 ;
; op[3]      ; r[12]       ; 6.393 ; 6.393 ; 6.393 ; 6.393 ;
; op[3]      ; r[13]       ; 6.368 ; 6.368 ; 6.368 ; 6.368 ;
; op[3]      ; r[14]       ; 6.414 ; 6.414 ; 6.414 ; 6.414 ;
; op[3]      ; r[15]       ; 5.937 ; 5.937 ; 5.937 ; 5.937 ;
+------------+-------------+-------+-------+-------+-------+


-------------------
; Clock Transfers ;
-------------------
Nothing to report.


---------------
; Report TCCS ;
---------------
No dedicated SERDES Transmitter circuitry present in device or used in design


---------------
; Report RSKM ;
---------------
No dedicated SERDES Receiver circuitry present in device or used in design


+------------------------------------------------+
; Unconstrained Paths                            ;
+---------------------------------+-------+------+
; Property                        ; Setup ; Hold ;
+---------------------------------+-------+------+
; Illegal Clocks                  ; 0     ; 0    ;
; Unconstrained Clocks            ; 0     ; 0    ;
; Unconstrained Input Ports       ; 36    ; 36   ;
; Unconstrained Input Port Paths  ; 444   ; 444  ;
; Unconstrained Output Ports      ; 19    ; 19   ;
; Unconstrained Output Port Paths ; 444   ; 444  ;
+---------------------------------+-------+------+


+------------------------------------+
; TimeQuest Timing Analyzer Messages ;
+------------------------------------+
Info: *******************************************************************
Info: Running Quartus II 64-Bit TimeQuest Timing Analyzer
    Info: Version 13.0.1 Build 232 06/12/2013 Service Pack 1 SJ Web Edition
    Info: Processing started: Mon Jan 06 09:17:10 2025
Info: Command: quartus_sta ALU -c ALU
Info: qsta_default_script.tcl version: #1
Warning (20028): Parallel compilation is not licensed and has been disabled
Info (21077): Low junction temperature is 0 degrees C
Info (21077): High junction temperature is 85 degrees C
Critical Warning (332012): Synopsys Design Constraints File file not found: 'ALU.sdc'. A Synopsys Design Constraints File is required by the TimeQuest Timing Analyzer to get proper timing constraints. Without it, the Compiler will not properly optimize the design.
Info (332142): No user constrained base clocks found in the design. Calling "derive_clocks -period 1.0"
Info (332096): The command derive_clocks did not find any clocks to derive.  No clocks were created or changed.
Warning (332068): No clocks defined in design.
Info: Found TIMEQUEST_REPORT_SCRIPT_INCLUDE_DEFAULT_ANALYSIS = ON
Info (332159): No clocks to report
Info: Analyzing Slow Model
Info (332140): No fmax paths to report
Info (332140): No Setup paths to report
Info (332140): No Hold paths to report
Info (332140): No Recovery paths to report
Info (332140): No Removal paths to report
Info (332140): No Minimum Pulse Width paths to report
Info (332001): The selected device family is not supported by the report_metastability command.
Info: Analyzing Fast Model
Info (332142): No user constrained base clocks found in the design. Calling "derive_clocks -period 1.0"
Info (332096): The command derive_clocks did not find any clocks to derive.  No clocks were created or changed.
Warning (332068): No clocks defined in design.
Info (332140): No Setup paths to report
Info (332140): No Hold paths to report
Info (332140): No Recovery paths to report
Info (332140): No Removal paths to report
Info (332140): No Minimum Pulse Width paths to report
Info (332001): The selected device family is not supported by the report_metastability command.
Info (332102): Design is not fully constrained for setup requirements
Info (332102): Design is not fully constrained for hold requirements
Info: Quartus II 64-Bit TimeQuest Timing Analyzer was successful. 0 errors, 4 warnings
    Info: Peak virtual memory: 4550 megabytes
    Info: Processing ended: Mon Jan 06 09:17:10 2025
    Info: Elapsed time: 00:00:00
    Info: Total CPU time (on all processors): 00:00:01


